temperature_c,humidity_pct,co2_ppm,air_quality
24.2,66.8,836,4
39.2,20.1,518,0
18.0,29.6,641,2
29.7,90.9,702,3
23.1,32.1,971,3
24.3,37.3,2073,0
21.1,39.9,1361,2
11.7,87.9,745,2
33.1,38.9,701,1
23.8,82.1,553,3
9.9,81.7,1346,0
11.2,77.5,1983,0
31.3,87.7,335,2
29.3,87.2,2105,0
28.8,80.9,546,3
36.0,28.3,1367,0
11.8,89.9,422,1
33.4,23.1,1053,0
41.9,64.8,1181,1
37.7,62.5,948,3
17.6,45.4,1050,3
22.8,50.9,683,4
20.9,79.7,905,4
17.7,31.6,829,2
30.8,15.2,861,1
23.0,76.2,846,4
36.4,27.7,967,0
29.8,28.7,795,2
18.9,62.5,613,4
10.8,63.3,1080,2
26.9,52.2,629,4
36.1,51.1,1139,2
37.6,47.7,782,1
8.5,66.6,458,2
16.8,55.7,1173,3
9.6,53.1,673,1
25.0,72.2,460,4
8.4,19.7,735,0
30.3,20.4,1354,0
27.4,76.2,525,4
16.3,85.4,1239,2
25.7,55.1,1184,4
28.9,82.2,669,3
38.2,73.4,1149,1
36.1,90.3,1250,0
10.0,53.9,904,1
29.3,60.9,810,4
38.2,40.3,650,1
19.9,60.4,488,4
40.4,81.2,713,1
10.0,50.7,1276,1
20.4,52.0,418,3
15.0,60.2,687,3
31.5,85.5,969,2
40.5,58.7,872,1
34.2,62.1,703,3
35.1,55.7,1074,2
41.7,54.6,438,1
12.6,48.0,608,2
9.3,68.2,994,2
39.2,44.7,936,1
25.9,84.4,734,3
39.3,37.8,594,0
21.4,60.3,958,4
41.9,39.9,1211,0
35.9,22.8,1149,0
39.9,28.8,762,0
20.8,75.6,510,4
23.8,47.5,712,4
33.3,34.3,756,2
32.9,25.0,467,1
40.0,38.2,573,0
14.8,52.9,1003,3
9.5,28.5,659,0
8.2,82.1,726,1
37.3,92.4,525,0
17.6,22.9,679,2
10.3,32.5,548,0
34.6,20.9,1602,0
22.2,83.7,517,4
27.1,72.5,721,4
10.7,82.1,1111,1
20.6,91.5,868,3
18.3,60.5,1124,4
34.1,52.3,1717,1
13.2,69.4,250,1
13.5,61.4,1402,2
9.0,39.0,766,0
29.1,45.5,415,3
30.6,69.6,656,3
12.5,64.4,490,3
19.9,26.7,851,2
19.8,70.3,982,4
23.8,64.3,1190,4
19.0,29.4,987,2
14.0,42.5,700,2
21.6,84.9,699,3
28.9,66.3,576,4
8.5,21.0,654,0
31.1,53.0,1682,1
25.9,64.4,803,4
17.4,67.0,702,4
16.9,56.6,529,4
11.1,68.2,2028,0
36.2,59.7,1518,1
10.9,65.7,2235,0
30.6,48.0,668,3
12.9,73.7,2033,0
18.4,90.4,954,3
21.8,88.3,1103,3
20.4,35.8,1021,3
19.9,23.2,909,2
41.4,47.0,653,0
8.1,41.5,1094,0
24.0,72.1,518,4
34.7,42.2,1274,1
10.8,47.8,685,1
23.0,88.4,697,4
35.8,66.4,1249,3
33.5,52.5,578,3
10.9,18.7,1504,0
13.6,83.4,556,2
27.0,57.4,780,4
41.8,71.2,1547,0
36.5,55.1,993,2
41.4,68.7,1339,0
40.5,72.0,1905,0
21.2,81.6,813,3
36.7,75.3,864,2
32.8,90.2,1206,1
31.0,37.8,821,2
30.4,19.1,943,1
25.5,76.7,677,4
31.2,38.6,711,2
36.5,17.2,1314,0
18.2,64.6,1348,3
18.5,20.9,1184,1
30.1,54.7,1110,4
19.4,70.2,790,4
30.3,17.0,1495,0
21.1,65.2,508,4
24.0,60.0,518,4
21.9,48.9,918,3
16.1,26.2,682,1
26.8,75.0,691,4
40.2,73.7,2350,0
14.9,83.9,1525,1
12.4,17.6,411,0
27.9,74.6,992,4
32.5,17.1,1123,0
31.6,50.2,1218,3
16.4,17.5,250,0
19.8,76.9,1286,3
14.9,85.2,549,2
36.0,71.5,1467,2
20.5,85.0,1164,3
23.0,86.2,600,4
18.5,69.5,1048,4
35.4,70.7,1494,2
23.7,70.0,527,4
11.8,26.6,639,0
36.3,47.1,388,1
13.0,24.0,864,0
24.0,66.4,1352,4
28.0,89.2,442,3
13.3,73.0,1628,1
38.3,77.0,750,1
40.6,71.1,1237,1
10.6,75.4,1555,1
14.9,41.1,1374,1
33.9,28.8,675,1
25.6,77.5,1046,4
27.1,70.1,1057,4
17.1,21.1,876,1
36.9,49.1,1588,0
21.4,76.0,657,4
22.6,62.7,533,4
24.6,51.0,768,4
20.2,81.4,1004,4
40.9,30.1,813,0
25.5,38.8,1111,3
32.7,24.4,881,1
38.3,42.6,486,1
27.4,79.5,672,4
29.0,64.1,781,4
8.4,21.5,1085,0
24.5,85.3,821,4
8.7,70.5,976,1
29.5,62.1,743,4
28.5,46.6,1489,2
16.7,94.4,1732,1
16.4,25.9,950,1
18.9,73.0,567,4
31.0,41.9,431,2
38.6,32.3,1280,0
26.5,38.2,1128,3
15.7,46.1,994,2
9.3,83.4,618,1
14.7,67.9,578,3
35.9,87.6,996,1
8.1,92.6,1176,0
23.3,65.3,3500,0
35.6,44.7,837,2
31.6,41.6,816,2
36.1,43.7,722,2
11.5,41.4,1327,1
12.0,62.3,1120,2
21.2,47.7,1254,3
8.8,38.7,1252,0
23.1,60.5,989,4
21.1,45.8,452,4
34.4,88.9,412,1
31.7,57.2,842,3
23.1,36.6,556,3
39.6,27.7,1101,0
22.0,53.0,1103,3
22.6,36.1,1004,2
17.6,41.1,736,2
23.4,61.2,923,4
31.6,50.8,1143,3
23.9,26.6,301,2
19.1,48.8,1196,3
12.0,41.9,363,1
23.9,32.0,1000,3
26.5,25.4,361,2
24.6,42.8,495,3
39.7,69.6,1184,1
41.5,19.4,603,0
9.0,39.5,469,0
25.0,20.4,367,2
38.4,84.4,1112,0
8.2,35.3,1923,0
31.4,80.0,838,3
14.8,20.3,813,0
16.5,76.7,1178,3
29.2,54.6,1175,3
17.8,30.8,590,2
41.0,38.2,1094,0
17.5,43.0,933,2
39.0,94.4,2189,0
39.2,49.3,1271,1
22.3,66.0,1008,4
16.6,74.1,1306,3
28.5,60.3,555,4
21.5,60.0,733,4
21.5,58.6,806,4
19.1,44.9,371,2
38.6,51.6,455,2
24.1,34.0,737,3
19.3,48.6,1135,3
27.5,42.0,914,3
15.2,31.6,1347,0
24.3,74.6,2340,0
13.6,47.4,677,2
34.9,84.5,1151,1
9.5,53.9,1094,1
11.5,74.6,1532,1
11.6,93.3,692,1
32.7,64.2,728,4
11.1,45.9,985,1
25.2,52.6,1065,4
27.7,78.8,845,4
25.3,81.7,1111,4
36.4,47.5,1110,1
10.3,76.3,890,2
40.6,16.0,1101,0
31.8,41.9,1668,1
35.2,68.0,1410,2
33.3,39.1,540,2
23.9,28.2,880,3
27.7,83.8,811,3
15.2,24.8,1180,0
26.6,77.3,1036,4
24.9,63.5,523,4
31.2,87.2,446,2
35.8,20.4,676,0
24.3,79.4,440,4
21.6,74.0,770,4
13.7,71.5,1094,3
28.8,61.9,979,4
28.1,75.2,714,4
11.9,79.9,1667,1
37.5,84.0,801,1
24.3,47.3,534,4
19.4,37.1,1250,2
14.1,35.4,1046,2
18.0,61.7,872,4
25.6,20.0,505,2
36.5,33.3,1207,0
37.4,15.4,509,0
14.9,81.9,3341,0
22.9,77.2,748,4
20.1,50.8,1386,3
19.9,53.9,2113,1
28.2,78.4,629,3
10.6,76.1,1507,0
8.7,24.6,504,0
37.1,87.8,629,1
27.9,80.6,1015,3
23.1,84.8,481,4
27.3,90.5,1415,2
23.9,81.6,706,4
31.2,39.7,325,2
37.1,27.5,396,0
36.6,54.6,1900,0
28.6,45.9,472,3
34.3,86.1,1609,1
18.3,59.1,807,4
24.2,35.8,1428,2
21.7,45.2,853,3
26.1,94.2,1496,2
18.2,68.2,485,4
39.9,58.7,343,1
20.0,49.7,760,4
13.4,91.7,686,2
13.6,25.5,462,1
8.8,48.3,1280,0
38.2,27.1,1123,0
35.2,82.6,1229,1
19.1,61.5,496,4
24.1,72.9,891,4
34.1,18.0,869,0
16.4,23.9,1323,0
10.5,77.7,868,2
17.9,78.9,570,4
20.6,68.8,1718,2
25.8,64.8,1149,4
41.1,78.0,1749,0
28.0,70.0,989,4
34.3,59.6,638,3
23.3,69.4,932,4
38.0,70.9,549,1
27.5,64.7,916,4
18.9,28.7,1399,1
37.5,50.3,654,2
29.2,41.6,1193,2
25.9,84.3,2037,1
30.5,56.8,493,3
15.9,50.4,517,3
21.1,87.8,2416,0
35.1,25.3,1644,0
29.9,60.0,363,3
21.9,84.8,854,3
23.9,93.6,562,3
20.7,55.0,986,4
40.1,81.4,329,0
37.9,31.2,1004,1
37.6,75.1,1271,2
14.5,38.4,278,0
32.9,74.3,795,3
14.3,93.3,846,2
28.1,22.5,531,2
28.3,85.9,897,4
33.7,71.4,724,3
9.2,67.2,397,2
25.7,44.5,621,3
27.5,52.0,877,3
29.6,29.9,1212,1
34.6,70.8,1167,2
23.5,76.0,826,4
15.0,30.4,805,1
27.0,33.7,1420,1
41.3,36.5,1403,0
15.9,22.0,359,0
24.5,23.7,1126,2
9.1,56.8,1093,2
30.0,22.2,899,1
35.7,83.7,1286,2
28.2,41.4,1637,1
33.3,42.1,1306,1
23.3,52.8,1178,4
15.5,23.8,588,1
40.6,39.3,933,1
27.0,62.2,540,4
29.8,70.2,831,4
11.2,44.1,723,2
25.4,70.1,558,4
20.1,26.4,1567,0
15.9,89.9,3332,0
25.7,67.4,1215,4
23.1,37.0,1232,3
39.6,62.1,1550,0
11.4,66.6,2907,0
10.7,23.0,531,0
13.1,76.6,833,2
18.9,76.5,1202,3
39.1,88.5,707,0
9.6,53.8,688,1
21.3,57.3,1204,3
41.7,37.4,743,0
36.2,92.6,1111,1
19.4,33.2,2183,0
8.2,89.3,374,0
27.9,58.8,1033,3
16.5,21.1,671,1
32.9,37.3,956,2
18.5,58.6,743,4
17.0,56.5,896,3
40.9,53.6,608,1
16.2,56.3,509,3
40.1,85.1,424,0
8.2,21.5,525,0
40.8,92.2,1198,0
13.4,52.7,611,3
21.6,85.6,690,3
37.9,62.8,1261,1
27.6,80.6,907,3
31.1,63.1,721,4
17.3,35.0,1024,1
14.8,50.5,923,2
20.9,75.5,763,3
10.6,37.8,1021,1
36.9,18.3,1277,0
38.4,49.1,764,2
22.1,71.5,614,4
8.3,38.4,620,0
10.7,94.0,464,1
35.0,38.9,774,1
8.5,68.8,1116,1
36.8,89.6,1185,0
37.5,66.3,720,2
29.2,67.2,456,4
22.4,64.3,1477,3
22.0,55.9,796,4
21.0,36.0,479,2
27.7,44.7,1793,1
41.0,73.9,922,1
40.6,16.1,687,0
12.1,80.4,701,2
38.8,81.6,1257,0
34.7,52.6,1602,1
24.3,54.6,1388,3
33.6,35.1,1146,2
41.9,70.2,1154,1
23.1,33.1,410,3
19.3,48.8,324,3
8.7,75.8,693,2
40.4,86.5,774,0
35.5,78.2,1184,2
26.4,48.5,691,4
30.3,63.4,814,4
26.2,52.1,1003,4
24.9,60.9,1658,3
14.6,29.4,1375,1
26.4,91.5,1194,2
21.6,83.1,666,3
23.2,65.2,535,4
26.8,59.1,426,4
9.2,85.9,1030,0
38.3,88.8,751,0
37.3,47.5,923,2
24.1,43.7,532,3
26.5,26.2,1083,2
19.0,56.9,853,3
23.6,67.1,581,4
30.9,91.8,517,2
25.4,65.4,330,4
11.9,31.9,496,0
41.4,46.9,407,0
24.9,54.1,658,4
38.4,69.6,775,2
11.0,30.0,934,0
17.8,81.3,829,3
36.4,32.6,631,1
18.8,33.7,1072,2
32.7,65.4,706,3
25.0,58.7,529,4
25.9,18.3,624,2
8.1,21.1,1118,0
35.3,24.7,424,0
30.4,52.2,1070,3
20.1,39.5,1665,1
16.8,95.0,662,2
30.8,64.3,666,4
24.3,50.0,1109,4
41.2,38.7,936,0
25.9,68.9,949,4
20.5,37.1,671,3
18.7,80.1,511,3
41.6,35.1,1184,0
22.9,76.4,838,4
29.9,89.5,960,2
28.6,23.5,573,2
34.4,79.0,1326,2
24.5,57.2,823,4
11.0,52.8,1587,1
15.1,22.2,458,1
33.5,47.5,324,2
29.7,94.7,680,2
31.6,80.1,342,2
37.3,74.7,404,2
39.8,80.9,598,1
18.2,62.7,1024,4
23.0,67.1,662,4
28.2,80.9,725,4
11.1,55.3,792,2
27.1,51.1,1139,3
35.4,56.2,501,3
32.9,16.7,625,0
39.3,72.8,935,2
29.7,47.3,2886,0
15.9,17.2,763,1
30.7,72.6,651,3
9.8,81.5,1156,1
39.0,26.1,880,0
13.7,59.3,1050,3
30.0,58.9,964,3
19.9,58.5,697,4
24.3,50.3,788,4
24.7,51.3,659,4
17.0,48.4,1301,2
13.3,35.1,931,1
26.8,80.6,879,3
27.1,54.1,629,4
37.5,32.5,1128,1
21.9,36.2,1828,1
23.3,33.5,762,3
20.7,77.2,799,4
22.2,15.0,1178,1
28.2,18.3,393,1
16.7,48.0,359,2
38.8,85.8,604,0
19.1,41.1,1055,3
20.2,19.0,1073,1
33.9,18.0,375,0
19.6,89.3,1208,3
40.5,38.4,921,0
26.1,16.9,1296,1
35.0,94.3,705,1
30.5,20.7,1032,1
18.3,79.2,1029,3
23.3,16.3,539,2
37.8,74.2,623,2
24.7,85.8,1018,3
11.7,51.5,699,1
29.0,25.2,1075,2
16.8,81.5,2209,0
12.1,68.4,1248,2
29.7,22.6,760,2
23.0,77.2,436,4
21.6,80.7,851,4
32.8,32.6,452,2
17.3,90.1,817,2
25.7,93.6,824,3
16.7,66.4,611,4
17.1,66.0,495,4
13.7,31.7,960,1
30.9,88.5,598,1
20.6,58.7,1369,3
18.6,17.0,938,1
22.1,59.5,683,4
37.7,63.6,1906,0
27.8,81.8,635,4
28.5,94.0,435,3
30.5,91.3,1869,0
12.9,70.3,1208,2
40.8,85.7,1150,0
41.0,83.8,1237,0
27.5,18.4,742,1
12.4,67.2,853,3
16.5,82.4,1111,2
12.0,20.5,890,0
19.9,49.1,1211,3
14.3,50.2,910,2
10.8,60.5,1764,0
27.8,45.3,1415,2
26.2,28.1,1051,2
41.7,23.1,1305,0
8.2,58.9,1480,1
26.6,24.9,1427,1
27.4,35.9,710,3
9.7,15.1,584,0
14.8,31.5,802,1
8.6,60.6,942,2
35.6,53.3,1971,0
29.4,72.7,533,4
24.0,81.8,597,4
31.9,42.7,497,3
26.8,51.3,957,4
30.8,78.9,902,3
14.0,54.5,714,2
34.4,86.0,2439,0
9.7,46.0,555,1
14.3,89.2,534,2
26.8,33.0,873,3
40.0,61.0,597,2
27.1,35.5,1655,1
15.8,57.5,801,3
32.7,24.5,426,1
37.2,19.5,992,0
25.2,76.9,1741,2
10.4,51.4,366,1
40.7,50.2,1096,1
22.8,67.9,1094,4
19.4,74.7,834,3
19.5,31.1,1159,2
13.7,88.6,802,2
20.9,55.0,733,4
23.2,47.8,830,4
10.4,72.8,1707,0
14.3,66.6,1060,3
39.4,41.1,611,0
26.3,65.1,2234,1
31.0,45.0,1119,2
34.2,29.6,1035,1
32.8,63.0,1082,3
41.0,57.3,783,1
22.4,52.8,883,4
10.5,34.3,686,0
22.5,68.8,938,4
22.1,62.7,1251,4
27.0,36.3,804,3
36.8,38.2,1033,1
21.7,23.8,1008,2
38.6,15.7,325,0
29.5,54.4,579,4
8.0,70.5,886,1
14.7,22.7,490,1
34.0,29.8,939,1
33.2,20.7,532,1
13.5,82.2,707,2
34.3,21.0,322,0
27.0,46.7,770,4
17.8,35.7,581,2
21.5,53.0,713,4
10.9,26.2,712,0
41.2,59.3,718,2
21.4,30.7,565,2
36.9,47.5,815,2
26.0,23.4,1526,1
41.8,80.7,1214,0
31.6,57.3,999,3
29.5,83.3,525,2
35.7,46.1,725,1
28.7,23.0,721,1
11.6,15.7,1053,0
22.6,91.3,962,4
19.7,92.8,1197,2
29.4,94.2,570,2
16.7,19.4,984,1
39.3,40.9,796,0
23.3,89.3,943,3
10.2,17.7,494,0
25.3,83.0,438,3
41.9,88.4,1344,0
26.3,87.7,577,3
13.9,92.2,716,1
20.9,41.8,920,3
8.1,85.8,1097,1
37.5,30.5,633,0
19.6,57.8,768,4
14.7,49.6,582,3
22.4,67.3,573,4
17.2,73.7,544,3
18.4,89.3,2576,0
15.4,46.6,977,2
23.1,75.9,1004,4
40.6,81.5,415,0
18.7,62.4,279,3
29.6,89.5,800,3
28.9,47.2,627,3
35.7,84.4,706,2
41.8,46.3,1223,0
22.7,33.4,367,2
40.5,15.6,672,0
12.3,37.5,2720,0
26.8,48.5,1003,3
27.7,72.2,511,4
41.0,56.6,937,1
24.8,83.0,992,4
29.2,38.8,729,3
11.9,93.5,623,1
32.1,22.1,1237,1
30.9,44.7,1048,3
23.0,71.1,538,4
10.3,25.3,1480,0
35.5,19.3,598,0
20.9,20.5,659,2
21.1,53.6,564,4
25.9,89.7,1921,1
17.6,64.4,904,4
41.3,52.8,851,1
33.9,38.7,985,2
30.9,46.7,635,3
36.8,75.4,704,2
30.4,90.2,301,1
21.1,62.0,528,4
33.5,17.7,565,0
19.9,62.6,1044,4
16.5,82.6,615,3
34.6,86.7,628,1
24.2,52.2,727,4
9.3,55.0,1225,1
18.1,46.5,1309,2
10.3,66.4,1061,2
13.6,73.7,665,2
23.6,89.2,744,3
22.6,40.5,999,3
40.9,53.3,1021,1
15.7,19.2,333,0
38.8,53.5,858,1
34.7,34.8,880,1
10.8,21.0,1193,0
16.2,70.5,565,4
13.4,41.1,788,2
23.0,83.6,419,4
18.2,33.6,876,2
15.3,54.8,1198,3
14.6,16.8,1026,0
23.6,74.7,1741,2
23.2,65.6,630,4
29.6,65.4,494,4
21.9,22.8,1710,0
21.7,75.9,983,4
37.7,38.9,1484,0
26.8,47.1,670,3
9.0,37.7,521,0
30.8,60.9,733,4
24.9,39.7,549,3
34.6,17.2,768,0
35.6,35.3,861,1
23.3,54.2,987,4
13.3,22.5,1461,0
12.6,43.2,1310,1
28.6,27.5,1119,2
10.8,89.5,641,1
18.0,46.0,1018,3
16.0,16.3,596,0
19.4,72.9,686,4
35.1,47.0,728,2
27.0,81.2,607,4
22.0,24.4,877,2
29.5,28.7,906,2
13.7,50.5,2609,0
15.9,82.2,499,3
28.8,17.6,602,2
33.6,31.5,1354,0
22.1,57.9,1090,4
10.6,19.9,1108,0
40.3,42.7,815,0
26.5,27.2,350,2
30.5,60.4,498,4
35.3,64.3,1359,2
26.6,55.1,536,4
38.9,55.4,772,1
23.4,39.9,1139,3
24.8,94.3,738,3
39.3,43.0,857,1
10.8,31.8,838,0
19.2,58.0,646,4
33.4,29.4,591,1
24.1,68.3,807,4
34.2,28.8,578,1
23.1,50.2,629,4
14.4,43.3,894,2
40.4,46.2,649,1
21.3,47.5,702,3
13.3,76.3,962,2
37.9,54.4,1380,1
30.7,34.4,741,2
40.4,71.6,880,1
21.7,47.4,1289,3
32.5,86.6,701,2
22.5,76.0,1387,3
31.0,46.4,600,2
38.3,17.1,1410,0
27.2,52.2,856,4
36.1,95.0,922,0
19.5,44.4,717,3
28.8,59.4,975,3
34.8,39.5,1296,1
30.7,39.0,250,1
27.4,62.7,405,4
25.7,33.3,828,3
9.6,92.9,595,1
27.5,19.9,502,1
23.8,62.0,813,4
40.3,36.2,1167,0
17.4,16.0,471,0
12.0,30.5,1004,0
14.4,80.9,976,2
18.8,46.0,811,3
24.8,41.2,652,3
19.2,32.1,1141,2
25.9,70.5,779,4
27.4,64.6,2284,1
22.1,62.8,947,4
12.3,69.5,575,2
8.6,35.0,1064,0
10.8,74.8,1320,1
22.5,63.1,784,4
24.4,77.8,820,4
15.6,59.9,907,3
18.8,75.9,2293,0
26.8,70.7,727,4
37.4,36.9,643,2
8.4,23.2,2298,0
41.6,15.9,646,0
8.4,55.4,1128,1
20.4,28.9,1055,2
15.5,54.7,860,3
30.0,91.7,822,3
24.9,82.5,768,4
40.1,86.1,1084,0
37.5,43.1,2891,0
30.9,83.5,928,3
8.4,16.2,555,0
24.3,59.5,475,4
16.8,37.1,847,2
30.5,61.7,806,4
24.4,84.6,1099,3
33.5,60.0,774,3
16.2,48.5,895,3
28.6,55.5,581,4
13.2,27.1,768,1
22.0,75.4,459,3
12.4,62.7,1034,3
36.2,90.6,326,0
40.8,30.0,862,0
25.1,37.3,650,3
23.7,87.6,1078,3
25.5,64.0,1064,4
10.1,28.4,526,0
11.8,15.5,875,0
20.1,62.1,612,4
33.5,46.2,1413,1
29.0,21.4,945,1
35.7,21.3,699,0
26.3,44.8,1240,3
9.9,56.1,732,2
37.0,38.9,1207,1
31.9,72.0,661,3
8.2,59.7,1614,0
27.1,74.3,806,4
13.5,80.6,1339,1
23.2,60.6,1765,3
9.0,59.1,904,2
26.0,51.8,776,4
13.7,24.5,766,0
16.3,48.6,1681,1
37.4,46.2,1991,0
38.1,52.0,471,2
38.6,27.5,499,0
28.2,84.1,483,3
25.8,57.9,854,4
36.9,51.7,2845,0
24.8,46.7,743,4
31.8,30.8,1717,0
9.4,86.4,921,0
26.9,53.1,902,3
8.5,49.1,2767,0
20.5,65.0,1039,4
39.5,45.0,1241,0
34.6,39.0,2274,0
22.2,53.6,1108,4
21.2,42.2,859,4
29.9,51.8,723,4
20.4,79.6,548,4
30.9,49.6,668,3
17.5,25.7,689,2
24.4,37.2,657,3
22.2,56.4,1180,4
19.1,20.8,1727,0
16.1,35.1,940,2
20.6,15.4,658,2
14.9,70.1,1356,2
35.2,15.0,1150,0
29.4,26.1,655,1
26.5,76.2,957,4
20.5,27.2,594,1
40.3,75.4,1483,0
36.7,34.1,838,1
31.3,43.7,806,2
36.1,49.0,784,2
28.2,89.6,700,3
27.0,80.4,955,3
24.9,46.4,1122,3
15.1,78.6,971,3
32.9,34.5,791,1
23.8,55.5,568,4
27.9,89.9,1289,2
17.6,69.4,1067,3
15.8,70.5,806,4
14.7,70.3,495,3
22.7,68.8,863,4
35.1,15.3,735,0
20.9,45.7,650,3
38.8,27.5,1147,0
23.1,59.1,899,4
30.0,67.9,774,4
32.6,59.5,826,3
41.5,34.0,352,0
11.5,20.5,250,0
17.0,24.5,1346,0
24.4,67.7,870,4
30.5,32.4,561,2
14.9,55.4,1364,2
40.7,21.6,1014,0
34.5,49.0,1160,2
23.5,75.9,968,4
41.4,47.2,869,1
39.8,38.5,974,0
11.2,63.5,732,2
23.4,43.2,461,3
36.4,17.3,642,0
37.4,78.8,1281,1
29.2,30.4,1355,1
8.8,91.9,576,1
22.1,42.8,1011,4
29.9,21.8,661,1
27.1,89.4,524,3
12.3,56.5,555,2
36.8,71.2,1459,1
26.6,49.0,855,4
31.8,15.6,1943,0
10.4,84.0,1395,0
23.5,51.1,979,4
29.1,21.5,757,1
32.9,38.2,621,2
13.9,46.9,1230,2
32.5,39.1,690,2
30.6,61.6,1246,3
21.2,52.6,751,4
17.6,46.9,902,2
8.4,70.7,556,2
19.9,28.4,1092,2
31.4,29.2,524,1
17.5,28.4,396,1
11.6,19.8,546,0
11.2,20.6,470,0
39.9,21.0,639,0
13.6,89.1,1631,0
16.8,85.5,2565,0
10.4,29.6,721,0
11.2,88.8,630,1
11.5,39.4,904,1
37.6,18.6,1174,0
20.8,44.3,1056,3
28.1,63.0,1653,3
21.0,56.5,416,4
24.8,74.6,847,4
23.4,65.2,898,4
19.7,63.2,633,4
31.5,33.0,1662,0
10.5,68.4,838,2
10.2,78.4,739,2
33.8,30.5,558,2
23.8,81.8,1699,2
13.8,28.1,2339,0
25.3,44.5,902,4
20.6,61.0,686,4
23.6,17.2,890,2
18.1,76.7,1196,3
37.3,17.9,966,0
23.0,67.5,340,4
14.6,42.5,593,2
17.5,82.0,1175,3
19.1,60.2,978,3
21.1,23.2,1384,1
28.8,26.8,527,2
28.7,93.2,387,2
36.5,94.2,1139,0
37.4,85.3,273,0
10.8,19.5,680,0
19.4,46.6,1298,2
21.5,78.5,1040,3
29.4,46.5,551,3
18.2,23.1,385,1
15.0,44.9,854,2
16.6,74.6,1174,2
31.7,57.9,693,3
12.8,48.0,1815,0
21.3,59.4,1090,4
31.6,79.4,630,3
40.7,28.7,888,0
35.0,29.5,834,1
16.2,75.0,780,3
11.7,52.8,911,2
24.2,89.7,1549,2
18.1,84.4,547,3
19.7,78.2,649,4
25.4,57.6,341,4
40.8,85.0,522,0
25.4,84.1,1846,2
12.1,47.1,858,2
30.6,68.9,684,3
39.7,72.4,285,1
12.4,36.6,695,1
18.9,71.4,858,3
40.7,59.0,1021,1
23.4,69.0,656,4
25.2,71.1,562,4
20.5,67.5,853,4
18.9,64.6,653,4
9.4,80.1,883,1
20.9,88.6,471,3
21.9,56.2,539,4
23.7,45.4,729,3
21.0,49.7,455,3
26.9,19.2,779,2
34.3,41.4,362,2
12.9,91.1,1987,0
34.1,84.8,1480,1
30.0,81.2,1391,2
11.1,29.4,1045,0
13.9,48.5,917,2
22.1,56.8,753,4
23.5,86.6,929,3
18.6,56.6,1156,3
39.1,19.2,1254,0
30.4,90.4,1043,2
38.5,51.2,932,2
24.2,28.4,1126,2
26.6,21.7,345,1
8.2,71.8,1158,1
14.3,60.4,1227,3
22.2,22.3,745,2
19.2,71.8,671,4
28.2,37.1,872,3
27.6,72.8,515,4
36.9,94.9,1678,0
23.3,27.4,1003,2
14.8,51.7,551,3
25.4,76.4,839,4
26.6,83.7,1660,2
37.9,59.0,760,2
36.7,89.2,899,1
23.1,58.1,693,4
30.4,74.5,344,3
41.4,88.0,429,0
20.2,22.2,501,2
39.9,90.5,957,0
18.5,25.2,1181,1
15.9,22.6,514,1
30.9,44.3,552,2
28.5,80.4,392,3
18.7,54.5,498,3
19.2,64.5,596,4
25.3,69.1,1270,4
24.5,30.0,819,3
21.3,20.7,498,2
26.3,27.3,1453,2
33.3,39.5,1316,1
20.5,67.5,871,4
30.5,45.2,1470,2
26.3,61.3,730,4
13.6,68.1,1170,3
8.3,57.4,1870,0
31.0,64.8,1174,3
30.4,51.3,736,3
38.9,56.2,914,2
37.1,76.6,562,2
37.7,43.3,517,1
36.2,87.1,593,1
16.4,55.3,605,3
33.7,29.0,821,1
39.8,57.4,591,1
31.5,64.3,922,3
18.6,59.1,960,4
21.7,76.0,624,4
29.4,53.7,830,3
40.0,63.2,1752,0
22.2,60.5,1422,3
25.0,70.0,507,4
40.9,17.6,609,0
22.6,84.3,969,4
32.9,37.9,862,2
20.0,44.0,462,3
18.1,64.8,1073,4
14.2,65.8,604,3
22.6,61.4,676,4
13.0,89.6,596,2
16.6,26.8,1228,1
30.7,56.8,1008,3
26.6,28.9,838,2
32.5,21.4,908,1
33.4,15.2,908,0
16.5,47.8,484,3
28.5,23.8,474,2
38.3,94.0,1507,0
25.9,63.2,906,4
13.4,53.2,544,3
28.3,18.0,1142,1
9.7,43.6,772,1
31.9,63.5,650,4
14.0,38.5,1480,1
14.7,75.8,523,3
33.2,71.2,1291,3
32.5,63.3,1309,3
19.5,19.9,1011,1
17.4,61.5,590,4
23.7,52.6,654,4
39.1,88.5,1054,0
41.2,48.8,527,0
9.8,67.1,871,2
37.7,46.0,1459,1
38.0,71.5,446,2
24.1,18.9,851,2
35.8,92.4,1325,0
32.8,63.8,758,3
15.9,15.1,1678,0
39.1,91.3,651,0
10.5,92.1,807,1
13.8,87.7,635,2
31.0,75.5,1392,2
23.0,43.3,949,4
22.2,66.7,1311,4
19.5,75.5,506,4
37.9,65.7,390,2
38.8,89.7,881,0
18.9,51.5,1516,2
38.3,25.8,1190,0
16.6,61.2,744,3
19.7,91.7,974,3
29.3,36.1,970,3
41.7,32.3,963,0
9.7,18.5,1255,0
42.0,91.8,463,0
11.4,16.6,675,0
41.6,94.6,487,0
21.1,56.5,343,3
31.5,33.4,454,2
18.4,59.0,565,4
18.8,44.7,1584,2
35.6,41.9,622,1
24.0,92.1,474,3
20.6,51.2,570,4
29.7,64.3,2775,0
17.2,67.4,1167,3
21.7,64.9,864,4
23.8,62.1,423,4
28.2,90.1,1291,2
37.3,78.6,2491,0
29.5,32.8,1123,2
37.7,27.4,781,0
20.0,59.6,1012,4
36.5,88.4,1258,1
28.2,22.4,250,0
33.2,27.4,1108,1
31.5,66.8,405,3
35.4,22.1,625,0
8.6,48.7,662,1
13.6,91.0,549,2
18.5,72.0,511,4
24.6,66.4,1675,3
23.6,91.7,667,4
21.1,57.1,932,4
21.3,64.0,642,4
41.3,62.6,767,2
14.6,67.0,431,3
8.7,58.2,583,1
20.6,37.4,633,3
10.2,91.6,1282,0
28.1,74.3,796,4
15.6,91.1,984,2
23.8,39.5,606,3
34.2,63.4,647,3
40.8,38.2,361,0
29.3,65.2,390,4
26.3,60.1,1979,2
15.5,52.7,2129,0
11.0,53.8,1554,0
20.6,48.2,532,4
14.3,33.9,632,1
35.6,34.7,693,1
20.0,79.4,1025,4
27.7,85.8,1181,3
8.1,42.4,491,0
35.1,78.4,1003,2
10.2,28.4,958,0
9.7,94.6,665,1
8.5,72.9,893,2
39.2,19.6,473,0
21.6,77.5,821,3
18.0,43.9,813,3
19.6,23.8,1900,0
15.6,38.0,819,2
36.1,69.9,469,3
10.9,59.7,1182,2
34.1,52.3,590,3
37.4,55.3,1187,1
9.4,44.0,1051,1
27.7,73.0,421,4
13.2,33.7,1529,0
36.4,55.7,858,2
8.4,38.8,437,0
41.6,31.7,1037,0
30.5,16.2,977,1
24.2,70.6,1603,3
31.7,44.7,671,3
21.2,94.3,2027,0
8.1,30.1,284,0
13.8,78.9,478,2
32.7,38.6,1141,2
29.0,92.4,1349,2
10.0,71.8,1779,0
28.4,89.2,798,3
14.9,27.7,483,1
13.9,29.3,965,1
41.3,73.2,723,1
28.1,27.0,586,2
31.0,34.7,476,2
27.9,38.8,861,3
34.7,72.5,1443,2
15.6,30.8,1079,1
26.3,24.1,1399,1
24.2,40.0,918,3
41.5,80.8,769,0
20.4,67.8,662,4
24.0,68.0,1363,3
37.1,83.7,1953,0
19.8,20.0,677,2
32.2,16.4,559,0
33.3,33.0,567,1
22.1,73.1,515,4
22.7,58.2,741,4
27.8,56.2,1122,4
30.6,34.6,744,2
21.0,57.2,492,4
27.1,39.5,1237,2
14.7,76.0,648,3
31.0,89.2,1012,2
22.2,63.7,761,4
41.1,78.1,1070,1
37.9,45.8,923,2
39.8,50.8,873,1
36.0,37.9,663,1
34.9,78.4,645,2
35.4,54.2,436,2
22.7,56.2,1014,4
27.6,62.1,1379,3
9.3,58.6,857,2
38.5,88.3,548,1
32.2,64.0,294,3
27.3,65.4,1057,4
34.7,84.3,1405,1
40.4,74.9,374,1
21.3,82.9,1012,4
25.4,71.3,503,4
22.6,77.5,1232,4
31.8,74.2,294,2
24.5,67.0,1069,4
32.1,84.4,2915,0
22.7,45.8,823,4
25.7,45.0,1086,3
16.2,84.2,449,3
41.2,20.5,1347,0
15.7,81.8,472,2
11.3,21.2,1102,0
27.8,53.5,477,3
37.0,18.5,784,0
20.7,78.0,807,4
12.1,49.3,1052,2
32.8,43.0,800,3
36.1,26.1,736,0
13.8,73.8,672,2
16.6,74.3,1245,3
8.5,79.2,1029,1
23.3,71.9,558,4
32.7,37.1,1039,2
16.1,56.6,763,3
17.1,55.3,485,3
30.2,81.5,1913,1
23.3,60.9,915,4
11.9,84.1,537,2
23.4,46.7,1044,4
12.8,88.9,1898,0
12.4,84.8,649,1
39.0,47.1,657,1
12.4,88.8,998,2
9.3,26.2,956,0
17.7,55.8,326,3
12.8,33.2,1376,0
9.0,37.2,796,0
25.5,34.8,1557,2
37.7,30.2,650,0
36.5,92.8,663,0
30.4,49.3,831,3
23.2,71.7,527,4
21.9,37.2,587,3
15.6,43.5,532,2
23.7,55.7,752,4
18.8,93.1,1130,2
40.1,87.8,634,0
36.6,92.1,1330,0
23.0,56.2,548,4
18.9,33.8,1111,2
39.1,43.8,887,1
23.3,33.2,1998,0
13.6,88.7,895,2
26.2,54.7,758,4
11.6,80.6,3500,0
21.4,94.2,1793,1
25.6,86.6,771,4
41.4,41.1,1427,0
17.8,81.7,588,3
24.0,48.6,1090,4
28.6,64.9,672,4
15.5,31.0,467,1
28.4,71.8,1420,3
8.2,83.9,1699,0
19.1,24.4,464,1
22.2,47.3,547,4
34.9,24.8,769,1
40.5,87.6,729,0
28.2,68.7,902,4
25.9,69.8,931,4
27.8,90.9,596,2
25.4,59.1,925,4
25.8,34.0,442,3
18.2,65.1,977,4
25.5,68.2,1148,4
15.5,48.0,893,2
15.4,41.0,1146,2
37.7,93.0,1025,0
23.7,80.6,769,4
41.9,31.1,930,0
22.0,56.6,495,4
22.7,91.2,1301,2
39.0,21.1,604,0
12.2,26.3,1295,0
14.1,23.6,1112,0
13.2,25.6,607,0
31.1,31.8,349,1
20.8,18.9,1536,1
19.3,63.6,1594,2
20.4,79.2,754,3
37.8,69.9,709,2
33.0,46.1,1039,3
12.5,37.7,696,1
32.4,28.2,1359,1
29.7,51.1,671,3
39.6,73.1,476,1
37.5,35.6,1173,0
35.7,50.2,1020,2
17.7,44.3,437,3
36.7,76.6,544,2
28.6,41.1,746,3
39.7,84.0,2345,0
9.0,92.7,500,1
32.7,57.7,659,3
37.8,89.9,1130,0
20.3,71.5,968,4
18.9,16.4,1253,1
21.2,60.7,937,4
13.0,28.7,1866,0
23.1,61.5,760,4
32.6,90.3,933,2
37.8,49.8,808,2
10.7,56.3,836,2
18.1,74.0,825,4
36.1,79.1,612,2
42.0,20.0,559,0
31.0,59.5,250,2
40.6,26.5,614,0
31.0,55.7,590,4
39.1,21.3,739,0
24.5,15.6,527,2
9.1,78.9,1469,0
32.6,27.0,735,1
33.0,68.5,1022,3
15.1,82.0,1324,2
33.2,85.8,748,2
37.2,48.7,1363,1
19.3,24.5,828,2
41.8,60.8,1318,0
23.4,54.2,1262,4
23.4,86.9,2378,0
33.2,61.3,700,3
27.7,60.2,964,4
11.1,80.0,705,2
25.1,15.8,1247,1
37.5,51.2,1610,0
40.5,81.6,936,0
25.9,89.8,1767,1
37.0,81.5,453,1
10.9,21.0,599,0
13.5,24.7,1012,0
34.5,34.9,723,1
27.0,74.6,2064,1
37.5,92.2,807,0
23.6,52.8,912,4
25.8,82.5,746,4
8.1,17.4,1097,0
34.1,20.7,730,1
28.0,65.5,1044,4
10.2,77.4,1545,1
16.2,67.4,1369,2
8.4,92.3,950,0
34.6,43.9,605,1
19.1,76.1,933,4
26.3,17.9,1157,1
23.0,75.7,1297,3
18.2,39.8,667,3
15.1,69.2,1157,3
29.2,71.5,736,4
31.6,46.4,741,2
32.9,50.7,880,3
36.5,53.7,1003,2
12.9,35.3,1014,1
30.5,59.4,291,3
13.9,66.2,1008,3
36.8,83.3,584,2
17.0,44.2,1054,3
35.2,39.0,970,2
41.6,93.0,1106,0
12.3,56.7,1174,2
34.0,57.7,1421,2
22.2,27.4,976,2
25.9,81.6,541,3
25.1,51.9,1371,3
10.4,54.7,738,2
20.4,37.8,456,3
17.5,18.7,854,1
27.0,21.4,1468,1
25.1,72.8,1768,2
18.7,45.5,957,3
18.4,77.1,620,4
20.8,67.7,522,4
32.9,77.0,1232,2
23.0,68.1,500,4
36.6,59.9,1348,1
31.0,57.8,555,3
17.8,39.0,439,2
40.6,66.3,2306,0
33.2,46.0,1189,2
31.3,19.9,843,1
40.1,48.8,1663,0
37.4,46.1,695,1
33.8,30.9,1353,0
42.0,51.3,1147,0
24.5,60.8,719,4
41.8,72.8,637,1
37.2,91.0,1621,0
25.7,68.7,440,4
17.6,50.0,1300,3
40.5,26.5,1290,0
27.2,63.1,907,4
20.8,29.2,578,2
28.3,40.2,1501,2
16.6,93.9,1467,1
35.3,35.4,523,1
36.8,26.7,1435,0
19.1,29.8,897,2
13.3,91.1,369,1
21.1,87.5,580,3
31.0,38.5,754,2
34.4,48.8,559,2
30.3,62.7,505,3
26.0,33.3,1078,3
23.9,69.6,680,4
21.8,76.8,458,4
26.3,35.6,537,3
33.6,26.0,1309,0
17.8,25.2,1145,1
26.0,79.2,896,4
28.6,17.4,505,1
29.4,81.6,862,3
39.3,93.8,1614,0
26.5,76.3,763,4
41.3,57.7,566,1
32.8,52.1,1758,0
23.0,76.8,565,4
23.3,71.5,803,4
37.8,59.3,1934,0
41.4,67.4,620,1
27.5,66.7,508,4
36.6,72.0,1293,2
35.2,71.6,496,2
23.5,39.5,1208,3
10.7,29.0,546,0
18.4,39.8,947,2
20.8,70.5,983,4
25.2,21.9,1417,1
14.9,59.4,1700,1
26.7,41.4,558,3
10.2,34.2,1081,0
28.2,53.6,941,3
26.2,83.4,665,4
39.3,87.3,829,0
37.5,80.9,720,2
14.7,35.9,639,2
27.9,64.8,490,4
15.5,47.8,866,3
35.4,27.3,1202,0
25.0,85.4,627,4
16.1,50.7,981,2
25.5,17.9,750,2
30.0,73.9,1739,1
37.5,78.9,444,2
9.3,77.3,464,1
38.1,59.2,882,1
18.3,93.0,1974,0
25.1,28.9,1717,1
34.1,22.8,295,0
15.0,21.6,3343,0
17.6,45.2,2347,0
10.5,41.2,2634,0
18.9,66.4,499,4
17.0,55.1,424,3
28.0,33.6,566,2
30.7,67.0,553,4
32.7,43.8,722,2
24.8,42.4,654,3
37.0,49.8,2008,0
32.4,62.3,915,3
34.4,68.7,612,3
23.7,70.8,864,4
17.9,29.2,1842,0
17.2,59.3,1121,3
18.2,72.7,1485,2
18.2,32.3,715,2
11.3,58.3,332,1
36.2,94.3,1733,0
27.7,60.3,1469,3
25.0,86.8,1137,3
16.9,91.7,636,2
22.4,65.8,760,4
35.7,91.2,520,1
34.6,67.9,370,3
38.1,93.1,304,0
28.1,71.2,948,4
15.5,25.3,1625,0
14.9,40.3,763,2
15.4,55.7,346,2
37.5,73.2,1070,1
16.7,22.4,676,1
18.8,58.1,1139,3
40.5,51.6,446,1
18.0,55.8,624,4
41.0,79.9,549,1
28.2,69.5,709,4
23.0,61.3,666,4
35.9,18.6,977,0
25.9,77.1,999,4
41.3,80.5,2009,0
32.9,52.0,809,3
8.3,15.7,518,0
11.3,89.4,489,1
35.2,77.6,761,3
39.7,75.9,386,1
24.7,81.4,1237,3
23.7,50.1,1212,3
40.9,51.8,601,1
28.9,47.2,630,3
30.8,76.7,1013,3
30.6,67.1,969,4
30.7,74.1,814,3
31.8,55.8,703,3
32.3,36.7,573,2
38.7,93.4,992,0
33.2,70.9,628,3
39.0,55.2,1634,0
21.9,56.3,1173,4
21.4,61.9,783,4
40.0,22.1,447,0
22.5,68.4,966,4
24.9,85.6,673,4
20.0,16.9,1296,1
11.0,88.6,447,1
15.7,94.3,817,1
11.6,67.3,1381,1
35.2,23.9,406,0
10.1,89.9,548,1
15.3,93.5,1410,1
31.1,29.1,561,1
39.0,84.9,346,0
34.5,46.7,1334,1
16.7,56.5,1033,3
41.5,72.6,827,1
18.6,30.3,1977,0
13.0,93.9,659,1
23.0,16.1,697,2
30.8,53.5,633,3
16.7,73.7,838,3
15.2,84.4,364,2
22.3,72.2,884,4
22.4,46.3,1608,2
21.6,55.9,724,4
22.3,86.9,1236,2
8.5,90.5,843,1
37.0,48.5,635,2
30.6,52.3,973,3
30.8,85.1,505,3
9.6,81.2,362,1
28.4,52.1,1589,2
36.8,77.7,467,2
25.1,73.4,442,4
20.5,49.7,1103,3
19.1,72.6,979,4
24.4,57.8,559,4
38.3,74.5,502,2
22.9,62.8,899,4
27.8,59.3,1563,2
12.5,47.1,909,2
33.1,67.2,984,3
39.4,91.0,1009,0
24.9,74.5,1094,4
23.5,71.8,487,4
19.4,25.9,652,2
39.4,54.4,620,1
40.0,20.3,576,0
29.1,49.8,971,4
20.2,76.1,727,4
37.7,89.9,490,1
18.4,78.2,416,3
16.4,63.2,650,4
24.2,58.7,910,4
33.8,87.9,491,2
15.2,68.7,1113,3
23.1,91.7,804,3
17.4,23.6,395,1
20.9,83.5,1025,4
29.3,18.5,783,1
9.5,72.5,764,2
14.2,37.4,1043,1
10.8,31.8,611,0
28.3,57.3,681,4
32.5,46.6,345,2
36.2,26.5,853,1
8.4,68.1,1975,0
40.4,39.9,761,0
39.2,53.1,250,0
19.7,72.4,920,4
12.3,82.1,856,2
19.9,56.7,667,4
21.4,75.0,1005,4
28.1,88.6,534,3
28.1,60.8,942,4
14.4,71.4,481,3
38.8,29.2,1329,0
24.3,55.4,380,4
26.5,24.1,554,2
27.2,73.1,606,4
27.7,68.4,1026,4
24.6,81.1,329,3
10.0,73.0,528,2
24.4,88.8,1101,3
24.0,81.3,498,3
27.7,93.9,433,2
35.6,59.0,623,2
19.9,88.1,701,3
16.0,41.5,707,2
26.3,84.4,843,3
35.8,88.5,1615,0
20.9,30.1,1173,2
10.2,93.9,839,1
24.5,57.3,505,4
13.7,21.4,1249,0
13.3,35.6,460,1
20.4,51.4,1206,4
14.4,72.1,1091,3
16.5,28.7,1494,0
37.2,62.4,1518,1
12.6,47.7,250,1
22.3,19.8,1471,1
34.0,34.0,958,1
21.8,74.3,848,4
30.0,86.7,2636,0
24.4,18.9,1170,1
17.7,57.7,582,4
27.2,35.9,1151,2
9.6,23.1,516,0
19.7,42.7,371,3
11.0,84.3,623,1
23.1,68.2,1811,2
41.8,15.6,1141,0
11.4,82.4,840,2
40.1,34.5,1245,0
24.1,76.6,1196,3
13.7,26.0,1539,0
11.3,92.8,894,1
21.7,75.4,866,4
39.7,26.9,683,0
29.2,26.5,829,3
23.0,50.6,430,4
19.5,64.9,669,4
9.9,28.6,876,0
26.9,51.1,1211,3
28.3,65.2,746,4
20.4,66.8,538,4
26.2,76.7,814,4
32.6,19.5,699,0
25.1,63.6,927,4
16.8,74.4,905,3
39.0,68.9,1035,1
14.5,92.8,445,2
40.8,40.0,1492,0
12.1,67.3,1146,2
33.8,76.3,710,3
27.8,69.3,389,4
14.9,27.2,441,0
41.7,41.5,741,0
20.2,66.4,738,4
25.0,83.0,703,3
8.8,70.1,956,1
20.9,16.9,428,1
38.1,42.3,701,1
15.6,24.6,1047,1
19.1,61.9,1382,3
8.8,42.2,961,1
18.0,40.5,818,2
9.9,66.5,250,1
21.6,84.6,1090,3
20.0,22.5,647,2
15.8,85.0,381,2
12.8,60.9,767,2
40.1,56.6,511,1
18.9,17.5,1319,1
17.0,54.0,1067,3
17.8,60.1,972,4
16.5,70.8,842,3
30.2,40.2,659,2
13.1,73.2,721,2
34.5,93.2,1023,1
15.7,31.7,901,1
26.0,80.4,501,3
21.4,50.2,901,4
37.3,19.5,782,0
9.0,27.3,1058,0
12.1,58.4,817,2
29.5,50.1,682,3
10.4,57.2,518,2
25.3,23.4,489,2
22.8,92.9,1398,2
14.1,80.6,469,2
14.3,30.2,694,2
40.7,92.2,967,0
20.5,57.6,750,4
23.5,46.3,467,4
14.8,28.5,1586,0
33.9,23.8,938,1
41.0,24.3,521,0
29.8,79.9,658,3
14.3,60.0,735,3
31.6,17.9,614,1
23.8,74.0,745,4
41.8,88.2,807,0
29.3,82.5,758,3
19.1,87.9,890,3
41.1,44.3,250,0
13.8,72.8,937,3
36.7,28.4,1042,0
11.5,88.1,1412,1
15.4,76.2,878,3
34.3,68.1,427,3
42.0,23.1,826,0
24.8,68.7,1011,4
14.7,17.4,566,0
12.1,51.4,815,2
31.2,69.7,785,3
11.7,91.3,828,1
17.2,76.0,670,3
15.0,16.6,1417,0
11.8,15.7,679,0
18.5,91.0,1001,2
25.7,82.4,1058,3
35.9,28.2,427,1
15.9,64.7,1195,3
10.7,40.2,702,1
40.4,15.9,2799,0
36.3,34.7,697,1
14.4,15.7,419,0
30.4,32.3,1203,2
11.3,23.6,1522,0
10.9,67.9,1341,1
16.8,66.6,2856,0
14.2,91.3,624,2
25.2,61.5,864,4
33.5,27.0,933,1
11.6,41.2,1152,1
27.4,78.4,892,3
20.7,74.9,658,4
41.7,88.5,641,0
40.2,73.0,861,1
15.3,72.3,610,3
29.3,64.6,1136,4
21.7,65.9,1124,4
18.0,38.1,683,2
21.3,56.7,748,4
27.3,64.1,563,4
14.6,28.7,841,0
26.7,61.6,769,4
35.1,31.1,899,1
38.5,79.2,711,1
15.1,24.3,460,1
41.8,32.0,407,0
16.5,40.5,654,3
18.5,71.4,864,3
40.6,90.3,1102,0
20.3,39.9,723,2
15.4,36.7,425,1
28.1,63.8,1020,4
37.9,25.3,734,0
28.3,73.9,609,4
16.2,65.8,1282,3
31.0,47.4,777,3
25.3,78.5,699,4
18.7,21.4,580,1
21.7,51.5,1564,2
29.6,34.5,1165,2
19.6,36.9,407,2
26.8,42.8,799,3
36.4,19.7,2418,0
14.1,50.1,790,2
37.5,83.8,1267,0
14.5,22.6,1351,0
15.7,57.5,1971,1
34.5,25.5,933,1
13.9,45.3,423,2
19.1,28.9,912,2
20.9,66.8,1122,4
17.1,67.6,1004,4
37.7,25.2,1022,0
33.6,26.8,1118,1
29.8,44.4,1301,2
26.5,93.7,1431,2
12.0,57.1,1091,3
36.0,93.7,291,0
13.1,25.5,373,0
32.9,75.5,1909,0
14.1,29.2,1585,0
31.6,28.6,1168,1
13.3,28.0,980,1
26.2,72.1,581,4
13.4,50.0,1209,2
24.8,60.1,835,4
34.3,73.6,743,3
31.6,24.3,2197,0
28.9,68.3,1909,2
15.6,69.0,611,3
17.0,37.7,1270,2
16.8,57.8,666,3
27.5,37.4,644,3
21.1,22.6,530,1
22.0,78.2,990,4
24.1,55.8,563,4
18.5,90.7,1908,1
11.0,21.6,1004,0
29.5,86.5,1495,2
11.9,25.8,949,0
27.2,74.9,789,4
26.1,50.8,1349,3
18.2,44.2,693,3
31.4,43.4,541,3
18.2,50.1,982,3
20.0,15.2,1011,1
39.3,68.4,416,2
21.2,47.5,877,3
28.8,62.7,548,4
39.9,17.5,871,0
41.1,76.6,873,1
11.4,60.7,756,2
20.1,66.3,875,4
17.6,94.4,468,3
10.9,63.7,891,2
27.0,55.6,596,4
25.1,82.0,2624,0
16.6,27.7,1192,1
23.7,49.1,1178,3
35.4,43.0,814,1
19.9,67.6,1028,4
12.1,83.6,1180,1
34.4,47.9,1467,1
22.5,45.3,650,4
15.5,65.3,694,4
11.8,26.5,791,0
22.4,60.2,619,4
35.1,58.4,518,3
24.5,30.1,650,2
16.2,83.2,745,2
32.5,41.7,1477,1
19.5,64.4,609,4
37.1,80.6,822,2
35.7,45.9,1584,0
23.1,67.6,1886,2
21.4,20.2,534,2
13.8,27.9,1144,0
26.2,41.9,1992,1
39.4,17.5,804,0
41.2,20.4,526,0
29.3,87.7,1208,3
28.2,75.1,1084,4
38.9,20.9,897,0
22.6,52.6,944,4
21.1,65.7,1046,4
31.3,63.6,652,3
15.2,58.3,677,3
41.5,23.2,545,0
30.9,81.6,418,3
16.1,47.3,564,2
28.5,42.1,1397,2
40.0,57.1,697,1
11.7,71.5,425,2
16.8,71.0,872,4
16.7,41.3,520,2
15.2,60.2,426,3
33.4,27.6,944,1
19.3,70.0,994,4
41.2,29.7,768,0
24.2,22.9,610,2
17.4,50.8,863,3
15.2,16.2,1314,0
14.7,50.8,1183,2
26.0,27.1,2149,0
8.5,86.5,1349,0
15.6,61.5,649,3
24.1,61.9,1313,4
20.8,76.0,740,4
15.5,28.3,634,1
35.2,44.8,591,2
26.8,44.2,666,3
38.4,24.7,736,0
35.8,83.6,2774,0
22.0,20.7,1326,1
16.2,93.0,654,2
32.2,60.4,395,3
15.3,52.6,536,2
28.7,17.0,430,1
24.4,74.7,1653,3
30.2,83.2,758,3
9.1,18.3,784,0
18.6,15.3,471,1
38.7,81.3,562,1
13.5,48.9,649,2
22.5,84.7,413,3
18.7,43.4,1044,3
25.8,59.9,2039,2
36.7,45.7,1054,1
25.8,59.2,906,4
18.0,87.1,1943,1
23.8,87.6,416,3
22.0,58.0,683,4
20.8,26.4,682,2
39.4,27.8,1219,0
35.7,22.6,472,0
15.3,23.7,1205,0
37.2,57.8,479,2
39.0,93.5,515,0
41.1,18.6,991,0
17.4,76.4,565,3
38.0,68.0,1943,0
13.8,74.1,561,3
11.1,64.1,1028,2
36.2,63.4,3130,0
28.3,35.8,1069,2
31.1,66.2,568,4
19.0,64.5,479,4
32.8,92.1,1742,0
28.9,89.2,670,2
20.9,32.3,1380,1
24.6,77.3,985,4
21.3,94.9,1142,2
36.7,76.4,1114,2
19.7,74.8,806,4
36.5,80.2,497,2
10.2,57.2,696,1
29.7,17.5,1796,0
21.7,71.8,784,4
33.6,20.1,764,1
41.9,17.2,1061,0
13.5,75.9,2175,0
30.4,66.0,1353,3
29.9,29.4,525,2
24.4,68.2,422,4
28.5,30.4,761,2
9.3,87.2,470,1
11.4,51.3,1029,2
13.6,62.1,1164,3
21.5,56.8,602,4
22.3,89.4,535,3
39.3,42.3,1121,0
24.9,48.8,477,4
23.6,65.8,968,4
19.4,58.1,892,4
30.4,37.7,493,2
23.0,44.8,817,4
19.7,23.8,1815,0
20.7,50.7,794,3
12.2,38.4,554,1
37.0,85.3,603,1
9.1,81.4,345,0
20.2,74.1,785,4
27.2,73.4,735,4
11.1,94.6,2294,0
26.1,59.3,1473,3
14.5,88.4,1074,1
29.2,75.8,1325,3
25.8,63.5,388,4
39.0,58.7,1284,2
23.9,70.1,640,4
29.6,23.0,1364,0
26.6,15.7,604,1
24.0,74.6,557,4
31.0,88.7,847,2
16.2,21.7,581,1
34.7,60.6,695,2
27.6,80.3,379,3
23.3,58.3,1157,4
19.7,62.7,991,4
27.5,42.3,640,3
34.5,69.8,486,3
15.6,81.7,2166,0
42.0,34.1,630,0
35.7,81.6,854,2
19.6,31.6,726,2
17.5,79.2,1073,3
28.7,46.2,635,3
25.0,26.4,403,2
42.0,32.6,694,0
35.3,18.4,553,0
14.7,52.3,697,2
19.0,56.6,702,3
16.1,44.4,503,2
40.8,46.4,887,1
30.7,29.2,1354,1
18.6,66.8,840,4
20.8,48.8,751,4
30.1,20.4,846,1
32.6,61.5,900,3
38.6,70.4,1575,1
37.3,37.9,999,1
26.6,74.0,1070,3
23.6,40.3,814,3
40.5,82.4,659,0
35.3,16.7,986,0
26.1,36.4,373,2
20.3,16.4,358,1
40.1,88.0,710,0
36.2,62.9,927,2
30.3,66.0,646,4
20.5,57.6,806,4
13.3,54.9,976,2
38.4,40.7,627,1
31.5,45.4,739,3
21.4,39.1,458,3
19.2,47.7,1195,3
16.4,17.7,682,0
34.8,18.8,913,0
22.9,21.6,744,2
27.7,65.8,767,4
8.3,57.9,787,1
14.0,30.4,726,1
19.9,89.7,568,3
12.3,56.9,509,3
29.4,73.5,527,3
30.4,59.9,1090,4
23.1,40.0,873,3
27.5,82.9,736,3
41.5,64.5,637,1
8.7,71.1,804,1
11.9,71.8,401,2
37.6,46.0,630,1
37.2,41.8,1190,1
24.0,49.8,1785,2
25.9,65.1,990,4
25.1,85.5,379,3
23.1,50.4,616,4
15.2,33.3,408,1
31.4,52.3,519,3
19.6,82.2,1101,3
9.5,71.3,555,2
24.1,22.0,983,2
8.3,62.4,838,2
25.3,24.6,504,3
19.3,79.1,728,4
31.9,48.7,654,3
17.7,44.7,1458,1
26.2,40.6,483,3
29.2,43.3,616,3
23.8,53.8,851,4
16.3,70.3,366,3
25.3,91.5,736,3
35.7,36.2,475,1
40.4,59.0,1281,1
21.6,65.5,1067,4
22.3,39.9,1158,3
27.3,70.0,1175,4
12.3,38.8,1005,1
11.3,84.5,832,1
27.2,54.6,961,3
15.5,54.0,1220,2
27.8,90.4,797,3
32.3,25.2,769,1
35.8,16.1,739,0
22.3,25.0,650,2
30.3,69.0,1930,1
12.2,25.7,634,0
28.9,36.1,959,2
18.9,39.5,1368,2
27.5,50.7,610,4
41.8,34.3,915,0
36.5,33.8,747,1
16.2,36.4,566,2
13.8,36.3,595,1
31.0,84.7,1728,1
13.3,84.0,944,2
28.7,19.0,785,1
41.1,69.0,783,1
29.8,40.1,738,3
28.9,66.0,669,4
40.6,42.5,1129,0
20.4,60.1,1035,4
27.1,21.2,1169,1
20.8,79.7,1058,4
21.8,35.1,856,3
39.1,46.0,1431,0
24.4,55.7,907,4
34.9,25.4,2807,0
21.7,17.7,685,2
18.9,60.7,1023,4
11.4,44.2,454,1
38.4,70.5,1120,2
14.4,87.3,2424,0
20.2,53.6,1314,3
40.7,32.2,484,0
29.0,51.1,443,3
22.0,67.1,598,4
22.9,51.2,879,4
24.7,28.5,650,2
13.4,35.1,2022,0
19.0,60.5,1124,4
37.3,43.6,1361,1
22.2,63.5,887,4
20.6,64.2,545,4
32.8,32.7,1438,1
37.9,40.3,1087,0
8.8,40.3,338,0
31.4,79.7,1545,2
9.3,68.1,1319,1
13.5,47.4,884,2
21.4,79.2,1462,3
34.5,93.3,895,1
27.9,51.3,1358,3
41.9,87.0,1190,0
41.9,80.0,1170,0
38.2,27.8,1698,0
33.0,60.2,865,3
28.3,43.8,617,3
34.4,55.9,941,2
15.6,31.1,1281,1
40.9,34.1,1236,0
29.7,82.2,356,2
18.1,37.6,1510,1
12.1,40.6,1031,2
21.9,63.6,629,4
18.5,87.4,1136,2
29.7,27.1,806,2
38.9,79.6,627,1
25.3,68.4,723,4
34.9,72.4,941,3
32.5,61.6,720,4
17.2,86.2,1858,0
27.1,73.6,1022,4
27.6,90.5,1006,3
8.8,57.7,1171,2
8.4,86.3,1046,1
34.3,64.1,839,3
21.8,31.8,1108,2
32.3,90.0,470,2
10.1,65.0,575,2
41.7,17.8,1026,0
24.7,82.8,1318,3
38.6,63.2,649,1
14.5,90.9,2316,0
17.7,69.3,1034,4
27.0,33.0,813,3
41.5,92.2,879,0
20.4,76.2,1203,3
9.4,55.4,2843,0
36.8,75.4,1043,2
11.6,31.7,1276,0
36.1,56.1,2095,0
37.1,43.3,514,1
39.2,85.0,617,1
21.9,62.5,1341,3
20.1,77.3,381,4
17.4,86.5,1370,2
24.4,59.6,1033,4
20.5,67.6,643,4
32.1,62.6,753,4
41.7,60.1,567,1
15.2,87.9,1103,2
23.6,46.4,1074,3
33.0,45.9,629,3
15.2,91.0,303,1
8.4,67.6,892,1
14.8,80.3,489,2
19.6,42.5,657,3
8.2,41.8,451,0
38.4,19.7,775,0
38.4,21.1,505,0
8.4,58.2,468,1
40.9,30.4,572,0
11.4,82.2,1404,1
29.0,86.1,553,3
29.7,49.3,446,3
34.4,64.0,564,3
10.7,18.9,496,0
27.8,60.8,1045,4
13.9,69.8,2291,0
23.3,48.6,767,4
28.4,56.4,668,4
39.7,41.2,1014,1
14.8,24.8,687,1
38.2,32.7,1106,1
22.4,54.8,1060,4
14.3,85.8,1851,0
28.8,85.6,713,3
35.5,56.6,626,2
27.8,73.0,768,4
16.3,36.7,419,1
12.6,51.0,2301,0
34.6,88.8,769,1
15.2,69.3,539,3
15.7,49.2,417,3
22.9,35.2,753,2
28.0,72.7,1008,4
39.1,66.3,1139,2
41.3,65.6,429,1
34.2,29.7,745,1
32.6,76.9,439,2
29.8,71.9,911,3
11.0,52.0,1566,1
9.4,59.9,445,2
26.2,22.6,776,1
35.4,39.7,1293,1
11.3,32.2,1512,0
39.5,67.0,607,2
25.9,70.9,1502,3
18.1,51.4,972,3
10.1,49.6,776,2
28.3,92.7,891,3
30.7,57.9,750,4
22.4,64.7,1101,4
37.5,49.4,1161,1
21.5,40.0,889,3
33.6,69.8,1470,2
9.8,47.5,664,1
37.9,67.2,921,2
31.6,63.5,412,4
26.6,71.7,887,4
17.0,19.3,617,1
33.7,61.8,707,3
29.8,56.6,583,3
8.5,34.2,346,0
20.8,76.2,908,3
8.2,67.7,499,2
8.7,37.9,1402,0
13.1,26.6,704,0
10.3,36.1,672,1
16.5,23.3,1957,0
30.5,65.9,816,4
13.6,22.2,1144,0
16.7,64.3,516,3
36.8,48.3,881,2
9.8,16.3,882,0
25.2,40.3,680,3
26.1,55.8,720,4
35.5,53.8,1382,1
20.9,32.9,1874,0
26.7,21.1,828,2
8.1,24.6,598,0
25.9,85.3,412,3
20.9,63.8,662,4
41.7,55.1,948,1
36.1,30.4,486,1
39.7,36.2,1202,0
33.6,32.3,845,1
37.6,94.8,680,0
41.7,57.3,983,1
16.3,61.1,963,4
24.4,37.1,860,3
34.0,33.7,677,2
9.6,61.8,757,2
30.0,16.4,670,1
29.8,21.5,1049,1
10.7,26.6,450,0
28.3,72.9,1563,2
23.8,69.8,1083,4
18.4,87.0,704,2
26.9,92.0,623,3
20.5,17.7,1317,1
22.1,72.5,1264,4
39.6,86.9,1911,0
8.3,94.0,714,0
14.8,71.5,778,3
21.4,82.3,673,4
42.0,82.2,273,0
9.1,86.4,298,0
40.4,26.0,987,0
18.2,94.9,1190,2
9.2,51.5,751,1
22.3,58.3,776,4
26.7,58.0,2891,0
26.5,45.1,669,3
17.3,20.4,727,1
17.4,15.4,1084,0
24.9,53.2,579,4
22.5,22.8,1146,2
14.8,74.2,1038,3
24.6,67.7,486,4
12.3,17.9,696,0
15.7,24.6,712,0
24.0,91.9,758,3
21.3,55.9,1281,3
36.1,49.5,948,2
16.9,32.1,1467,1
32.2,35.1,1162,1
25.5,63.0,1020,4
19.8,48.1,678,3
26.9,57.0,725,4
18.1,26.5,1255,1
30.6,83.0,1000,3
21.4,56.8,758,4
32.5,31.9,1005,1
30.9,58.9,1230,3
41.7,67.6,1204,1
13.7,85.8,859,2
35.6,52.0,874,2
27.5,21.2,612,2
12.1,62.6,911,3
23.6,19.5,927,2
18.0,41.0,743,2
8.6,37.5,1023,0
10.1,54.4,816,2
11.7,63.2,975,2
8.5,75.4,986,1
23.2,71.5,696,4
24.6,62.5,440,4
26.3,17.1,1289,1
17.2,90.7,1098,2
22.1,44.4,559,3
8.2,42.8,855,0
19.3,66.3,833,4
19.8,49.8,514,3
21.1,33.2,1072,2
27.4,57.1,414,4
13.9,86.1,1300,2
32.3,65.0,763,4
36.7,30.1,487,1
19.4,65.2,715,4
24.3,75.9,538,4
21.2,70.7,1404,3
12.2,26.3,632,0
23.1,46.1,977,4
18.7,79.4,328,3
31.3,63.0,419,4
28.4,44.4,1171,2
23.4,44.4,1070,3
19.4,86.1,512,3
32.7,45.3,735,2
25.9,51.1,820,4
20.1,90.4,611,3
22.4,59.3,1215,4
14.7,26.0,1078,0
20.6,46.7,797,3
9.8,26.2,509,0
9.4,34.9,851,0
21.4,34.3,614,3
29.6,59.3,583,4
32.4,68.3,724,3
30.8,47.6,559,3
24.8,73.1,520,4
27.0,19.8,1105,1
19.5,54.9,2436,0
41.6,75.9,666,1
33.9,54.3,985,2
26.9,64.8,538,4
20.4,73.7,1020,4
9.4,92.7,794,1
9.5,35.1,780,0
19.2,43.8,368,3
33.8,41.9,513,2
18.2,29.1,850,2
39.9,33.4,947,0
34.8,60.8,1044,3
33.3,20.0,1416,0
8.1,54.6,385,1
19.8,15.6,775,1
17.6,63.9,910,3
22.5,65.7,1148,4
27.5,16.8,2859,0
21.5,48.4,1316,3
18.7,50.9,381,3
29.4,72.3,480,4
40.9,89.2,1090,0
23.7,52.2,585,4
30.0,63.6,277,3
39.4,93.0,611,0
17.7,67.9,1097,4
24.3,69.2,1154,4
20.1,70.9,706,4
15.2,84.6,957,2
10.4,17.7,454,0
41.7,85.9,1550,0
8.7,83.0,988,1
34.7,48.8,462,2
12.5,36.6,574,1
30.2,57.2,545,4
24.7,49.5,963,4
24.8,59.7,572,4
13.8,71.6,967,3
9.3,46.8,1547,0
17.7,64.7,963,4
37.2,34.7,824,1
33.0,77.1,600,2
21.9,85.7,1336,3
19.7,24.4,1538,0
14.4,42.0,585,2
32.6,62.1,589,3
18.3,45.7,1775,1
8.2,42.3,413,1
37.9,43.4,1902,0
31.9,21.2,801,1
32.1,52.5,507,3
10.1,63.2,569,2
23.7,38.7,832,3
33.1,73.8,889,3
27.7,48.5,1034,4
26.5,62.9,949,4
27.1,72.3,1091,4
35.8,65.2,379,3
36.1,64.4,607,2
41.9,74.6,817,1
28.6,57.7,782,4
28.5,84.1,1234,2
31.7,53.9,412,3
31.6,18.2,615,1
17.1,34.2,1424,1
29.5,59.7,785,4
41.6,18.4,759,0
32.2,26.5,833,1
26.0,93.4,737,3
19.6,38.2,542,3
37.1,16.9,982,0
10.3,77.2,595,2
26.7,59.3,1001,4
23.5,61.9,1209,4
36.7,82.2,776,1
12.5,51.3,1093,1
15.0,48.0,279,1
27.4,76.3,1315,3
35.3,15.5,1105,0
17.6,85.5,948,3
16.8,24.1,1104,0
19.2,81.0,699,3
21.6,75.6,1284,4
15.8,42.3,618,2
19.6,81.8,1337,3
22.6,21.2,1410,1
36.4,51.3,1246,1
28.1,62.6,741,4
18.2,46.5,769,3
21.6,22.4,1390,1
30.9,72.7,2031,1
34.4,22.3,1910,0
35.8,43.8,1470,0
40.2,50.6,679,1
14.3,30.8,763,1
10.0,37.4,977,1
12.3,90.7,1688,0
8.1,75.7,1351,1
21.8,22.1,724,2
15.7,68.5,1451,2
38.8,50.3,1298,1
31.7,28.2,1805,0
33.5,91.3,1391,1
33.4,59.6,1894,1
34.8,65.7,767,3
20.0,74.9,545,4
26.0,33.2,1500,2
22.2,62.3,689,4
27.3,69.0,1046,4
24.7,45.7,568,4
39.7,93.9,677,0
19.5,87.0,1067,3
14.2,62.4,848,3
37.9,91.9,2132,0
10.8,34.5,927,0
31.0,73.1,987,3
31.0,15.0,1002,1
25.9,16.8,300,1
15.0,87.3,656,2
17.7,94.8,1264,2
21.6,26.9,1027,3
21.1,18.6,557,2
10.4,36.3,834,1
9.6,27.0,731,0
33.1,88.3,1123,2
26.5,52.9,1442,3
24.3,25.7,559,2
14.1,92.6,896,1
15.5,25.5,755,1
17.5,92.4,948,2
35.2,58.1,2152,0
29.0,90.4,837,3
26.9,58.6,1069,4
26.4,51.3,1412,3
35.9,42.3,627,1
33.9,27.6,254,0
25.1,60.6,1348,3
25.7,94.5,1834,1
28.3,66.3,1396,3
28.0,48.3,1409,2
8.9,86.7,1840,0
33.6,65.0,1390,2
24.1,19.6,783,2
14.3,26.0,579,1
38.6,49.4,845,2
14.2,39.8,737,2
32.0,57.7,705,3
41.5,41.4,1955,0
32.7,42.4,957,2
36.6,28.7,649,1
10.1,57.4,371,1
12.2,28.7,1444,0
15.6,40.1,672,2
36.7,63.0,594,2
17.7,27.9,783,2
31.6,18.2,263,0
33.4,48.2,390,2
20.9,53.2,958,3
32.7,30.0,283,0
19.4,36.9,1154,2
8.5,28.6,801,0
16.7,91.5,1124,2
37.6,41.9,823,1
26.1,90.8,1916,1
41.3,43.0,932,1
31.6,22.8,716,1
18.1,42.8,1824,1
26.4,57.3,1455,3
20.1,71.1,840,4
11.4,35.7,908,0
37.4,26.6,1065,0
25.3,78.2,709,4
9.1,66.5,2300,0
15.2,33.1,1077,1
26.1,43.8,672,3
25.2,69.9,773,4
30.7,34.2,927,2
17.7,30.4,335,1
25.9,64.2,551,4
26.5,59.1,837,4
38.5,19.8,1297,0
18.5,39.0,444,3
23.8,81.1,698,4
33.8,80.3,837,3
12.4,82.3,1343,1
13.4,34.5,1327,1
14.8,76.4,1478,2
27.1,30.2,1258,2
20.0,74.5,1296,3
26.9,60.1,1256,4
27.2,75.5,542,4
37.9,30.1,891,0
27.7,28.8,784,2
36.0,31.6,730,1
41.2,67.2,1025,1
33.6,19.1,380,0
29.7,63.6,973,4
22.5,50.2,461,4
13.3,44.9,858,2
14.9,93.6,1159,1
41.1,44.3,621,0
32.6,25.7,647,1
36.0,56.3,691,2
14.5,67.4,1361,3
18.9,17.4,373,1
29.3,67.6,484,4
32.2,33.7,1177,1
36.6,70.2,494,2
36.4,45.4,410,1
23.0,79.7,675,4
16.2,78.3,774,3
41.1,42.1,2114,0
22.4,78.2,1345,3
12.1,52.2,1812,0
28.2,25.8,1002,1
9.8,28.5,793,0
11.7,33.2,2118,0
36.8,80.6,1061,2
13.8,39.6,842,1
16.1,90.3,1393,1
26.5,19.2,318,1
25.0,81.6,547,4
39.4,62.9,745,2
18.5,41.6,680,2
19.7,73.9,721,4
26.1,43.7,707,3
24.6,51.0,767,3
38.6,75.9,691,1
8.1,31.3,711,0
22.7,47.5,1104,3
36.1,44.9,618,2
17.9,18.1,490,1
13.1,84.4,452,2
18.9,64.5,1207,3
38.8,57.7,688,1
21.7,63.4,454,4
19.7,47.5,1500,2
16.0,51.6,768,2
23.6,64.9,713,4
39.7,49.7,1379,0
10.3,24.3,1498,0
25.9,41.8,687,3
19.7,21.2,735,2
13.8,56.1,1811,1
8.3,40.9,1379,0
9.9,23.8,820,0
34.9,59.9,1025,2
16.5,22.5,987,1
15.6,62.8,570,4
15.1,24.9,646,1
38.6,66.5,1849,0
36.6,85.4,704,1
34.2,33.9,1284,1
34.7,70.8,905,3
21.0,41.5,612,3
39.4,29.4,775,0
41.2,46.3,1085,0
25.2,73.4,734,4
21.2,71.0,1312,4
41.9,31.9,854,0
30.4,53.5,776,3
15.3,19.8,1483,0
28.6,72.0,729,4
28.1,17.6,1123,1
18.7,50.4,837,4
38.8,73.6,726,2
11.1,27.4,1057,0
16.7,49.6,524,3
18.2,50.0,1258,2
24.3,85.4,1074,4
11.8,93.3,395,1
38.9,51.3,324,1
39.9,20.9,1670,0
11.6,17.3,1189,0
12.9,63.6,1622,2
19.4,67.8,873,4
19.7,72.0,753,4
18.5,59.4,261,2
20.0,23.5,1114,1
19.3,21.1,436,1
12.0,94.5,1648,0
32.2,21.1,411,1
17.3,82.7,697,3
28.2,51.5,778,4
20.4,60.1,742,4
33.0,80.9,904,3
22.6,63.1,1069,4
40.5,16.1,597,0
21.4,62.4,732,4
38.4,42.9,707,1
16.6,16.9,1149,0
40.9,94.1,902,0
17.5,58.7,623,3
30.4,83.3,558,3
25.5,88.7,978,3
34.9,90.9,1655,0
32.4,78.4,639,3
30.2,62.4,740,4
27.1,76.8,512,4
33.0,31.2,1808,0
20.0,20.2,828,1
12.5,91.3,965,1
34.0,24.2,822,1
36.4,88.1,894,1
31.3,62.4,1254,3
31.3,62.1,612,3
22.6,92.1,358,2
32.6,55.1,698,3
22.8,39.4,937,3
12.7,89.6,478,1
20.5,64.0,659,4
33.0,31.8,675,1
27.1,66.4,1024,4
26.2,51.3,645,4
15.8,24.6,723,1
28.2,49.4,635,3
33.1,47.7,498,2
27.9,55.8,870,4
9.0,47.1,1371,0
9.6,16.1,387,0
23.6,30.5,498,3
27.6,60.2,582,4
22.8,57.5,530,4
20.5,17.7,2979,0
27.6,15.6,1424,1
39.6,58.5,780,1
14.1,25.4,929,0
36.4,29.0,1045,0
9.2,32.9,1782,0
36.6,92.9,478,1
24.1,61.5,898,4
20.9,37.3,497,3
24.5,76.9,581,4
33.4,68.8,937,3
24.6,73.8,1179,4
24.1,65.5,650,4
29.3,43.8,1094,3
19.3,62.9,723,4
39.6,93.1,1094,0
30.0,58.4,416,3
25.9,78.7,598,4
41.0,26.4,655,0
11.9,35.1,501,1
35.4,81.8,3024,0
26.7,67.7,1120,4
33.0,30.9,610,1
12.1,27.7,600,0
26.9,85.3,337,2
41.0,41.4,416,1
12.3,28.2,607,0
28.3,18.3,315,0
16.4,84.9,955,2
23.3,82.1,881,3
26.5,94.7,438,2
27.3,31.5,1221,2
17.8,59.3,1095,3
19.4,79.7,388,3
41.1,26.0,1243,0
22.5,78.1,864,4
23.7,77.3,501,4
16.2,47.9,879,3
21.9,72.3,663,4
11.2,64.4,445,2
26.6,58.4,897,4
10.9,31.5,655,0
38.1,54.0,416,1
19.0,86.6,2665,0
14.4,15.5,1751,0
9.8,27.4,641,0
39.5,70.9,1716,0
17.0,57.7,477,3
17.1,51.0,750,3
32.0,67.1,1595,2
13.7,34.2,990,1
11.4,19.2,812,0
13.3,53.4,1074,2
20.8,68.7,1098,4
39.1,41.1,394,0
25.9,63.8,900,4
21.6,71.5,1066,4
39.4,49.4,1138,1
15.6,58.0,1191,3
27.7,53.1,777,4
16.7,65.4,808,3
38.3,43.2,531,1
27.4,69.0,1205,3
13.2,40.3,1194,1
14.0,17.5,434,0
11.9,79.5,628,2
28.4,91.5,3500,0
16.2,39.2,1028,2
27.9,18.9,551,1
23.0,21.0,279,1
10.7,81.1,1079,1
34.5,86.3,662,2
26.5,45.9,716,3
26.5,17.6,400,2
38.3,52.4,644,1
16.6,58.7,1434,2
37.8,31.6,929,0
8.1,22.0,1139,0
22.0,74.4,713,4
17.9,48.1,2615,0
23.7,79.1,643,4
17.3,76.2,1146,3
38.3,40.0,580,1
14.5,77.7,571,3
30.5,86.1,690,2
21.5,62.9,420,4
21.9,58.1,660,4
40.6,66.8,1017,2
23.8,50.9,791,4
10.2,53.9,756,2
14.9,62.5,616,3
27.4,50.7,679,4
32.2,65.8,620,3
30.8,34.2,511,2
27.4,44.1,546,3
28.2,71.2,1036,4
14.8,72.4,554,3
24.0,53.9,542,4
27.0,61.1,845,4
34.0,50.6,825,3
13.7,51.1,582,3
20.7,17.2,984,2
15.2,21.4,808,0
14.1,28.3,830,0
30.0,65.8,836,4
18.4,93.1,916,3
34.5,93.8,1670,0
9.7,37.3,965,0
11.4,18.9,461,0
37.2,39.5,1143,1
32.9,58.1,1660,1
19.2,63.0,1196,3
16.4,19.9,510,0
25.2,57.6,1351,3
14.3,84.5,562,2
23.5,57.6,1028,4
28.0,62.3,751,4
28.8,20.9,1001,1
25.9,69.1,575,4
21.9,91.9,672,4
33.0,55.8,1160,2
17.4,67.7,646,4
32.7,83.1,1084,2
29.7,43.2,687,3
30.0,31.1,321,1
31.9,67.8,693,3
11.5,35.8,1009,1
21.4,33.9,556,3
13.9,32.5,1329,0
22.6,22.9,668,2
35.4,25.9,1505,0
27.1,37.3,864,3
21.6,67.5,1657,3
17.4,92.8,851,3
24.6,57.2,923,4
21.7,39.5,735,2
30.2,59.7,560,4
12.9,45.8,1050,2
27.9,35.3,1184,2
39.5,54.8,776,2
13.2,24.2,1292,0
14.2,82.2,404,2
38.0,35.2,587,1
13.2,44.9,825,2
14.2,74.2,486,3
27.4,50.9,1281,3
39.5,93.3,797,0
14.7,89.6,937,2
24.2,62.7,1074,4
28.1,20.0,801,2
21.4,54.6,549,4
37.6,19.4,1690,0
24.7,67.7,2309,1
13.8,58.8,588,3
13.2,29.2,842,0
38.9,25.5,1341,0
22.7,57.8,937,4
21.9,76.2,442,4
40.1,15.8,847,0
22.7,20.7,1246,1
17.7,61.9,861,4
28.5,71.4,493,4
39.7,83.9,395,0
41.0,31.3,1145,0
12.1,33.8,614,1
11.5,45.1,588,1
14.3,15.4,1098,0
39.6,40.8,745,1
25.7,43.9,1041,3
27.5,29.9,758,1
37.1,90.1,1092,0
25.4,83.6,1042,3
27.1,70.7,284,3
19.3,78.0,942,4
10.2,79.6,840,1
34.5,18.7,1179,0
19.4,63.0,620,4
19.4,54.9,1317,3
39.2,92.8,295,0
33.7,76.2,1087,3
28.6,17.9,680,1
13.8,94.7,586,1
13.5,75.2,871,3
14.8,58.5,805,3
11.7,76.6,1254,1
17.1,81.1,760,3
15.1,32.4,1320,0
9.3,53.6,794,1
25.5,69.7,1214,4
41.3,92.3,922,0
23.8,65.7,958,4
22.7,57.0,2463,0
22.6,66.6,820,4
16.1,37.5,401,2
19.5,45.7,550,3
27.7,77.5,1181,3
31.0,15.5,1378,0
18.2,35.6,879,3
41.4,84.8,747,0
27.7,85.1,401,3
37.4,50.7,431,2
39.0,25.7,1542,0
32.3,35.9,739,2
19.5,62.0,664,4
23.2,49.8,672,4
27.9,37.1,1118,3
35.9,21.4,1084,0
19.3,69.8,1119,4
31.4,57.5,655,3
23.8,62.9,690,4
12.5,24.0,643,0
11.2,70.3,555,2
40.5,27.8,494,0
8.4,39.2,375,0
21.7,40.9,1077,3
18.4,63.9,795,4
10.5,79.3,760,2
26.2,53.8,1116,3
40.3,47.6,250,0
34.4,45.8,613,2
19.1,15.6,1141,1
16.9,87.0,616,3
36.4,73.4,484,2
38.9,27.4,741,0
26.2,67.4,708,4
33.9,85.4,1089,2
27.2,52.9,250,3
29.0,41.6,1678,1
24.0,68.8,956,4
17.1,54.2,1032,3
31.8,81.3,1193,2
26.6,33.9,808,3
17.9,33.4,791,2
24.7,75.1,836,4
31.8,69.8,1222,3
27.6,59.5,844,4
9.5,62.8,492,2
9.5,86.9,1536,0
8.9,92.4,1251,0
16.4,17.2,270,0
23.3,81.0,697,3
29.9,54.3,2188,0
38.7,93.2,582,0
36.3,19.9,670,0
19.0,47.4,1338,2
20.5,66.1,448,4
18.4,48.2,728,3
9.3,41.6,897,1
27.4,57.6,708,4
23.6,34.6,535,3
10.0,28.6,954,0
27.0,71.4,906,4
38.9,56.7,1085,1
24.1,71.0,652,4
20.8,51.6,1063,3
22.0,28.4,554,3
33.1,31.3,985,1
18.4,37.7,680,2
21.1,48.9,578,3
20.2,58.8,1258,4
29.5,40.2,771,3
39.5,33.2,1222,0
35.3,41.0,961,1
41.0,59.5,271,0
39.9,25.5,1523,0
31.4,71.7,756,3
12.3,56.2,1242,2
18.4,19.3,761,2
37.1,77.6,565,2
17.5,92.7,1207,2
19.5,75.3,672,3
12.5,70.8,1594,1
22.8,23.2,536,2
13.4,28.5,601,0
29.3,40.5,833,2
12.8,66.0,902,3
10.1,93.0,672,1
27.0,45.4,410,3
32.6,30.8,1091,1
8.5,41.5,553,0
41.7,45.9,1296,0
35.5,23.7,486,0
31.9,66.3,847,3
8.7,68.7,306,1
10.2,55.8,851,2
35.9,15.7,1119,0
31.2,54.8,993,3
31.2,64.2,1072,3
21.0,88.3,270,2
8.0,86.0,1455,0
14.6,35.2,1028,1
16.5,76.7,380,3
25.7,75.2,642,4
12.5,65.5,1485,1
17.4,20.1,1130,1
29.6,50.7,484,3
15.1,94.5,956,2
23.5,77.9,737,4
13.5,30.4,828,1
12.7,90.0,1538,0
21.5,19.5,627,2
34.9,27.9,902,1
29.2,27.7,1518,1
22.9,64.2,1184,4
16.3,49.4,693,3
41.1,57.5,1608,0
20.4,82.8,1887,2
20.8,84.7,1327,2
25.0,28.2,616,3
35.2,40.0,494,1
21.3,75.9,870,4
21.6,51.7,760,4
33.8,82.3,1661,1
29.9,59.6,1357,3
8.4,84.9,844,1
8.3,53.7,957,1
8.1,44.8,1468,0
15.0,63.7,490,3
28.6,45.7,1149,3
26.2,33.8,939,3
28.2,53.1,627,4
20.6,59.2,993,4
12.4,17.6,686,0
19.9,50.4,512,4
25.0,64.9,856,4
24.2,71.4,582,4
16.2,54.3,1151,2
34.0,84.4,741,2
29.2,90.4,1592,1
36.0,65.7,404,3
12.0,86.6,509,2
12.3,20.5,540,0
15.9,23.3,950,1
29.5,39.7,1817,1
29.5,93.2,601,2
19.3,66.3,250,3
14.4,87.8,1128,2
35.7,80.1,668,2
15.9,37.6,257,1
20.5,48.8,354,3
9.2,40.5,1372,0
27.8,71.7,1414,3
33.6,65.6,1416,2
26.0,73.3,747,4
38.5,15.5,1219,0
30.4,50.9,1250,3
12.4,28.1,497,1
41.3,23.3,1335,0
12.5,39.8,509,1
28.2,90.8,687,3
40.5,16.7,713,0
37.6,90.1,637,0
38.7,28.4,758,0
8.2,62.6,898,2
22.2,40.3,549,3
27.0,77.3,898,4
40.5,77.1,782,1
25.9,89.9,1655,2
41.1,64.0,569,1
26.6,20.7,1644,0
10.6,63.5,1082,2
37.1,42.7,431,1
35.1,24.7,534,0
15.7,40.7,2397,0
12.5,42.2,947,1
34.4,16.3,845,0
13.2,46.4,720,2
15.2,43.4,590,2
22.8,41.5,567,3
23.5,67.8,485,4
23.8,67.5,1400,3
23.2,79.8,705,4
22.5,81.1,1326,3
8.9,66.5,298,1
28.8,79.1,978,4
37.7,48.4,679,1
24.7,59.5,782,4
10.6,88.2,388,1
23.2,59.9,829,4
31.2,89.8,1031,2
23.5,16.8,656,2
34.8,27.2,896,1
29.4,81.0,717,3
28.6,17.5,826,2
12.5,53.1,329,1
26.7,29.3,647,2
23.7,41.7,724,3
30.9,82.9,3500,0
16.5,28.0,591,1
15.2,32.8,560,1
14.6,74.6,1061,3
11.9,27.5,659,0
41.6,17.1,1201,0
8.8,59.6,559,2
35.0,73.0,1003,3
30.2,68.8,840,4
34.7,77.7,614,3
16.0,45.9,785,2
22.5,74.6,1119,4
20.9,41.1,1917,1
27.3,59.1,1046,4
38.3,40.5,1581,0
8.9,55.4,949,1
31.8,44.6,1242,2
29.5,40.0,556,2
9.9,51.5,1273,1
26.2,46.2,396,3
22.7,66.6,672,4
21.8,75.1,971,4
12.2,73.8,1242,2
32.9,65.6,829,4
40.3,87.3,760,0
24.8,44.7,744,4
23.4,19.0,1062,2
24.5,74.7,1450,3
33.1,53.4,654,3
17.7,80.5,600,3
27.0,57.0,772,4
20.4,77.3,784,3
27.9,57.2,837,4
37.7,30.0,744,0
25.2,50.9,658,4
41.0,77.7,1248,0
15.2,65.8,421,3
24.6,42.0,1560,2
24.8,94.3,1232,2
36.0,60.7,736,2
19.0,32.2,632,2
31.8,77.8,646,3
20.2,51.7,1100,4
18.4,38.4,621,2
36.8,33.3,1586,0
31.7,36.5,1293,1
36.5,65.1,832,3
35.3,33.4,1460,0
37.8,37.6,347,1
23.6,24.8,796,2
12.6,50.3,947,2
36.5,40.4,632,1
30.1,52.7,912,3
28.7,61.4,930,4
32.7,21.6,1016,1
28.5,18.5,1291,1
29.6,39.1,430,2
41.2,70.7,1190,1
24.5,69.4,2206,1
8.6,44.3,636,1
26.3,87.8,854,3
35.3,41.3,879,2
29.2,80.8,690,3
29.4,64.5,640,3
26.9,66.2,734,4
35.0,90.6,1055,1
17.3,46.9,701,3
26.7,76.9,650,4
25.2,40.9,887,4
11.7,25.8,601,0
31.2,37.6,893,2
25.8,69.5,1000,4
30.7,55.4,1143,3
8.6,92.7,427,0
13.8,56.9,899,3
39.0,35.8,846,0
32.4,35.9,1554,0
34.3,35.8,984,1
41.4,72.2,852,1
21.2,64.6,2040,1
22.8,66.3,750,4
25.9,59.6,754,4
21.9,33.2,1274,2
36.9,39.9,1234,1
25.0,61.4,498,4
12.4,15.5,715,0
25.4,53.2,853,4
23.9,52.9,782,4
35.2,26.6,647,1
28.3,93.0,1141,2
22.9,41.3,577,3
20.0,19.6,917,1
19.5,65.8,995,4
17.9,29.6,1236,2
29.1,70.8,542,4
32.6,22.6,1502,0
20.3,39.0,461,3
34.9,84.2,927,2
30.1,69.5,1105,4
33.8,80.1,1185,2
37.9,90.6,480,0
39.2,22.6,436,0
33.8,79.4,1164,2
17.0,31.1,1218,1
36.0,59.0,670,3
41.2,39.8,552,0
35.4,80.8,400,2
33.7,40.7,1073,2
32.9,48.5,1075,2
17.2,90.7,491,2
34.2,93.9,632,1
40.6,59.8,1797,0
23.2,72.0,544,4
8.2,36.1,924,0
36.0,87.9,1554,0
41.2,29.0,963,0
15.9,68.1,601,3
40.5,88.4,1147,0
11.9,33.1,569,0
29.8,62.9,1121,4
38.3,37.8,649,1
38.1,52.3,1192,1
30.2,68.4,618,4
36.1,47.4,1076,2
34.5,41.9,748,2
37.4,15.2,1393,0
20.0,46.0,826,3
17.6,30.7,694,2
9.2,24.4,557,0
24.2,79.3,347,3
10.7,26.4,761,0
22.2,85.0,571,4
11.1,81.7,1599,1
35.6,51.9,686,2
39.3,26.0,999,0
35.9,61.0,1789,1
8.3,38.8,576,0
34.7,20.1,668,1
13.8,69.3,1420,2
12.7,51.8,1526,1
15.6,18.3,599,1
11.1,74.9,892,2
28.2,22.2,2071,0
9.1,44.8,527,1
23.6,63.9,832,4
40.4,47.6,465,1
23.7,40.5,748,4
26.5,41.7,1052,3
20.6,46.5,520,3
37.8,75.9,1023,1
8.6,54.3,506,1
20.0,41.9,670,3
34.6,62.6,1049,3
25.6,22.7,1023,2
18.5,16.4,696,1
16.5,49.0,692,3
27.9,45.8,633,3
39.2,47.5,479,1
24.6,23.1,989,2
29.9,55.9,913,3
17.1,24.3,636,2
13.3,84.6,916,2
28.3,24.8,769,1
20.1,69.9,863,4
25.0,87.5,1135,3
37.3,35.9,331,0
19.9,62.0,639,4
14.3,26.0,250,0
26.5,71.2,848,4
19.0,43.8,1349,2
35.4,80.1,1243,2
30.0,51.4,1992,0
33.6,38.6,1014,2
26.3,87.9,1142,2
37.9,20.6,1540,0
41.2,68.5,570,1
8.1,78.0,1164,1
15.7,41.9,1555,1
8.3,48.1,919,1
25.2,74.4,1226,4
16.4,34.7,819,2
21.2,69.8,734,4
20.7,20.5,782,2
16.7,87.7,603,2
19.2,17.8,1025,1
16.8,76.4,811,3
9.6,42.6,1300,0
36.6,81.9,967,1
29.5,56.2,1049,3
41.5,19.3,1256,0
21.4,32.5,929,3
19.3,17.5,329,1
26.5,73.8,528,4
32.6,93.9,1808,0
25.1,44.9,626,3
39.1,44.2,705,1
22.7,78.5,875,4
15.9,63.3,979,4
30.6,53.4,515,3
9.6,62.6,916,2
26.6,49.2,1181,3
30.5,56.3,1360,3
37.1,37.7,724,1
16.6,57.3,518,3
21.2,68.4,1029,4
39.6,78.5,840,1
22.6,90.3,918,3
40.0,85.4,716,0
27.5,92.7,906,3
25.4,70.4,518,4
35.1,45.9,1506,1
13.1,42.0,1154,1
24.6,80.1,1609,3
11.4,43.2,832,2
13.0,24.9,357,0
33.4,19.1,1201,0
8.9,71.2,1221,1
33.4,28.4,1368,0
13.1,81.9,405,2
24.0,69.1,467,4
33.1,76.0,566,3
33.9,82.2,1746,1
36.9,55.5,415,2
23.9,59.1,943,4
41.0,78.5,1651,0
14.4,92.1,1342,1
26.6,52.8,856,3
13.5,46.8,1251,1
21.1,84.5,971,4
16.4,47.4,1344,2
17.8,31.4,1383,1
27.9,52.3,898,4
11.8,20.1,1070,0
31.3,36.9,974,2
10.0,87.7,502,1
26.2,21.6,690,2
31.6,89.9,1075,2
12.2,58.6,544,2
21.8,80.9,612,3
10.4,17.1,1140,0
19.2,69.3,938,4
19.6,65.5,1011,4
23.1,35.1,1415,2
23.7,15.6,574,1
40.8,36.5,1100,0
12.3,34.4,879,1
40.6,45.0,687,0
20.0,79.3,1476,3
21.7,49.1,780,4
36.8,82.8,2970,0
40.5,26.1,680,0
37.5,33.2,622,1
21.3,16.8,994,1
32.8,78.2,1152,2
8.6,23.4,648,0
21.6,59.6,480,4
30.4,71.8,749,3
23.8,75.1,499,4
18.5,73.2,692,3
23.1,68.8,875,4
27.5,46.2,841,3
26.2,32.5,439,3
33.8,71.7,713,3
29.6,61.7,2145,1
18.2,64.4,954,4
20.3,79.5,834,4
21.1,61.3,880,4
8.6,48.9,965,1
29.6,85.0,874,3
20.9,50.4,584,3
38.7,81.4,1768,0
28.7,94.3,896,2
8.4,35.0,1418,0
16.5,15.8,749,0
9.7,26.0,1020,0
20.1,67.9,511,4
34.6,48.1,1718,1
40.4,72.7,630,1
34.1,92.6,536,1
31.1,80.3,627,3
37.8,86.8,1898,0
26.8,57.0,938,4
40.3,48.5,672,1
13.5,89.8,872,2
38.8,31.2,580,0
40.0,15.7,1249,0
27.2,88.4,547,3
24.4,60.2,620,4
37.8,52.6,823,2
8.5,83.6,2001,0
11.2,77.3,1114,2
11.7,79.5,711,1
22.6,55.8,577,4
37.6,27.9,1101,0
8.3,81.2,1386,0
15.0,40.5,513,2
17.1,25.7,781,1
29.1,33.0,669,2
19.2,27.4,925,1
25.4,28.6,765,2
10.2,60.8,961,2
38.2,84.8,916,1
13.4,27.8,784,0
23.4,69.7,546,4
25.6,89.3,450,3
26.3,38.5,876,3
26.5,30.1,530,2
39.1,40.3,898,1
15.6,26.9,762,1
23.4,55.1,1494,3
22.5,83.5,2226,0
26.5,49.2,998,4
9.5,91.8,1954,0
19.9,75.3,718,3
25.7,40.6,701,3
15.3,66.7,1764,2
15.4,76.7,866,2
14.6,54.3,1962,0
8.9,91.2,442,0
22.2,50.9,572,4
19.2,29.0,766,2
9.0,50.4,1327,0
32.6,52.5,1205,2
37.0,77.7,837,2
14.1,52.6,1111,2
17.0,19.0,1438,0
12.9,63.7,534,3
26.3,48.1,260,3
18.0,22.2,294,1
28.3,26.2,1313,1
19.3,64.9,445,4
21.5,42.9,250,2
31.0,68.6,1906,1
37.4,50.1,1004,2
10.7,87.7,709,1
18.8,57.1,843,4
22.1,70.8,872,4
31.0,38.2,890,2
42.0,56.1,839,1
30.6,39.8,506,3
29.3,61.1,677,4
25.4,25.1,363,1
32.9,20.0,601,1
14.5,30.9,599,1
9.0,55.3,1844,0
8.9,79.4,1252,1
29.8,21.5,937,1
13.3,34.7,338,0
8.4,67.9,1391,1
32.4,65.4,2293,0
15.0,88.9,795,2
20.0,79.2,522,4
31.5,22.5,707,1
39.7,69.6,920,2
21.5,41.8,620,3
23.1,49.8,1843,2
15.0,23.1,532,0
23.0,40.5,953,3
25.1,50.2,409,3
28.8,66.6,682,4
14.7,55.3,711,3
12.9,83.7,665,2
8.7,34.1,591,0
31.3,75.7,1219,3
21.1,85.4,1236,3
29.4,69.2,669,4
18.7,66.2,512,4
19.6,87.8,769,3
12.1,25.5,1713,0
12.5,70.5,705,3
30.2,68.7,982,3
28.9,25.8,686,2
21.9,73.1,1057,4
19.8,70.1,1162,4
31.0,81.5,819,3
32.3,25.3,937,1
30.5,79.3,597,3
24.2,93.2,699,3
29.0,61.5,756,4
23.3,27.1,678,2
11.4,48.7,678,1
21.8,85.7,579,4
15.8,24.8,741,1
24.8,39.6,1605,2
34.4,59.0,914,2
27.3,36.2,772,3
29.7,38.3,1142,2
13.8,53.2,771,2
33.5,46.6,881,2
29.5,15.5,857,1
32.3,91.1,1051,2
31.1,26.1,1008,1
24.8,67.7,988,4
17.5,85.2,1115,3
25.0,23.4,904,2
23.7,85.8,724,3
29.8,60.4,744,3
14.6,47.8,741,2
8.3,84.7,725,0
8.1,60.0,850,2
37.5,74.9,622,2
36.5,16.0,967,0
19.7,39.0,478,3
27.1,63.9,667,4
34.4,37.7,900,1
37.5,74.4,860,2
33.2,81.8,728,2
33.4,30.2,697,2
15.0,19.7,756,0
25.6,65.1,543,4
37.9,54.7,977,2
37.5,56.0,554,2
11.3,79.1,1658,1
14.9,93.4,1057,2
19.3,65.0,782,4
26.7,31.7,1553,1
22.1,57.6,428,4
33.0,16.5,314,0
13.4,38.6,745,2
10.2,22.8,928,0
32.3,28.4,828,1
8.9,29.7,936,0
17.6,82.0,2138,0
26.7,71.8,952,4
20.3,64.9,698,4
15.1,93.5,530,2
19.9,93.8,880,2
41.2,75.9,786,1
25.3,65.3,1884,2
26.4,73.1,1691,2
9.2,77.8,714,1
10.8,85.9,553,1
14.4,63.3,753,3
9.9,38.1,1022,0
8.1,41.4,1289,0
25.7,55.5,879,4
25.8,32.5,730,2
10.2,91.7,691,1
36.1,82.8,470,1
21.0,77.9,620,3
36.4,52.6,929,2
24.6,42.9,683,3
12.9,88.2,542,1
26.0,17.6,962,2
37.1,43.3,962,1
23.3,62.9,732,4
39.9,91.2,730,0
14.3,87.3,1028,2
26.9,29.5,890,3
26.1,67.5,394,4
39.2,64.5,627,2
31.0,17.2,731,1
35.0,48.8,1018,2
12.3,62.1,654,3
23.5,49.3,1168,3
23.2,52.7,894,4
19.7,68.5,996,4
35.0,64.0,1193,3
23.9,77.7,799,4
25.4,74.2,795,4
25.6,48.5,780,4
9.9,79.4,389,1
27.4,79.2,442,4
38.5,87.1,2080,0
20.6,62.9,250,3
10.5,51.1,1943,0
29.2,49.4,1307,2
40.7,65.7,1177,1
36.3,85.2,1124,1
32.9,85.6,301,1
29.1,74.3,1183,3
20.7,79.9,1138,3
17.8,36.1,880,2
18.3,58.6,895,4
40.5,17.2,1294,0
27.6,65.7,928,4
35.1,43.2,925,2
39.9,81.8,780,1
22.3,60.4,509,4
26.3,79.3,1434,3
34.1,89.2,851,2
30.9,88.7,608,2
39.0,67.4,1157,1
35.0,92.7,1450,0
13.2,27.1,921,0
38.8,54.8,1197,1
18.3,69.5,495,4
17.2,89.7,931,2
29.1,66.7,807,4
35.2,35.9,456,2
29.1,21.9,1710,0
22.9,49.6,834,4
29.2,27.9,864,2
10.1,81.6,697,1
10.8,54.3,1157,1
17.9,81.6,863,3
23.3,55.5,2536,0
30.9,32.8,438,2
14.5,49.7,815,3
16.7,29.2,1394,0
35.6,78.5,805,3
22.6,75.9,1185,4
29.0,55.6,510,4
32.2,49.4,449,3
38.2,57.9,1042,1
13.1,23.4,762,0
26.1,88.0,977,3
10.1,39.3,671,0
16.7,25.0,1339,0
38.9,62.9,1045,1
41.1,80.2,560,0
35.0,81.1,806,2
39.9,53.6,650,1
19.5,81.6,680,4
26.1,30.7,767,3
17.9,28.4,912,2
39.4,44.2,1297,0
26.8,72.2,1547,3
23.3,72.1,600,4
17.7,80.5,358,3
23.0,37.5,633,3
20.4,74.3,597,3
35.4,88.4,450,1
8.2,34.9,3154,0
38.0,43.3,701,1
33.0,45.2,701,2
29.6,64.5,646,4
38.4,34.6,500,0
25.6,54.9,531,4
38.1,47.9,805,1
37.9,83.1,450,1
41.9,90.1,673,0
18.6,25.7,1406,1
17.7,84.6,528,3
16.6,72.2,686,4
41.3,38.3,1747,0
11.4,60.1,851,2
14.6,31.7,862,1
17.5,23.5,752,1
27.7,26.9,815,2
39.3,30.5,452,0
8.6,68.3,2332,0
35.2,51.2,1278,2
29.7,48.2,861,3
35.4,19.2,1223,0
29.7,34.7,456,2
29.1,71.4,518,4
24.0,50.1,426,4
23.0,40.8,775,3
21.9,58.7,589,4
12.4,34.0,1382,0
40.2,91.1,1481,0
13.7,57.2,1419,2
25.8,60.6,652,4
16.7,37.2,1270,1
33.1,71.8,1125,3
26.6,93.9,483,3
37.0,40.0,1927,0
18.8,62.9,899,4
31.8,58.3,1079,3
28.5,62.0,1454,4
9.0,92.4,965,1
21.3,45.4,336,3
19.0,66.5,656,4
12.8,21.1,1637,0
32.2,59.7,663,3
41.0,32.9,600,0
16.2,72.2,1250,3
14.8,37.1,916,2
13.5,17.0,807,0
30.8,83.2,362,2
14.8,91.5,605,1
26.3,26.9,533,2
30.2,47.1,615,3
31.0,83.6,1356,2
35.1,94.2,630,1
21.6,71.9,1024,4
18.9,72.8,1229,3
38.9,54.8,858,1
31.3,93.8,693,2
11.0,41.4,751,1
38.7,42.5,1022,1
30.5,48.8,652,3
20.4,21.8,1465,1
29.5,55.6,395,3
11.6,34.9,859,1
10.8,46.9,1911,0
33.0,42.9,1570,1
31.1,30.3,679,2
30.2,39.9,672,2
25.1,55.7,750,4
22.4,87.6,491,3
25.8,80.0,3317,0
24.5,23.6,740,3
38.8,88.5,650,0
32.2,53.2,1113,2
13.8,46.4,842,2
25.4,51.1,930,4
20.3,76.0,587,4
19.6,71.0,1034,4
12.6,15.6,1766,0
9.2,53.8,453,1
34.1,20.9,3478,0
35.5,17.8,825,0
26.9,55.1,972,4
12.4,48.6,511,2
12.8,53.2,1608,1
27.6,85.2,407,3
10.2,51.1,897,1
10.8,41.5,596,1
24.5,57.9,707,4
36.1,38.1,771,1
27.4,43.2,772,3
28.4,61.0,1842,2
20.3,32.0,406,2
17.9,71.8,693,4
15.4,50.8,634,3
12.4,67.1,360,2
34.0,74.2,702,3
24.4,87.6,1076,3
26.5,76.7,650,4
17.8,71.4,519,4
36.8,62.2,838,3
14.1,42.0,804,2
32.9,50.6,984,2
35.7,62.3,1584,1
27.9,43.1,627,4
29.4,80.8,1398,2
39.7,19.8,932,0
35.5,91.4,639,1
20.9,64.2,971,4
26.4,16.8,864,2
23.1,74.2,1770,3
32.7,78.6,1059,3
31.2,73.9,1039,3
30.0,72.7,1151,3
25.8,43.8,457,3
27.1,33.3,759,2
26.7,26.4,1199,1
13.6,63.8,509,3
10.4,51.1,682,1
21.6,52.1,963,3
28.2,64.8,768,4
20.3,75.6,900,4
36.9,94.4,775,0
10.3,80.3,1704,0
25.0,64.5,1096,4
16.3,90.5,700,2
21.5,62.3,650,4
27.9,45.7,393,3
24.4,88.6,868,3
29.2,87.0,1136,2
10.6,33.0,1704,0
25.8,62.1,746,4
41.0,69.8,1052,1
28.8,54.3,1278,3
22.7,26.3,607,2
22.3,37.2,845,3
27.0,65.9,1351,4
20.7,21.2,855,2
19.7,81.8,568,3
25.4,18.8,1832,0
40.1,45.2,1141,0
23.9,78.0,725,4
19.2,23.4,811,2
35.9,28.1,922,0
18.3,73.9,1487,2
28.6,68.9,795,4
24.8,63.7,950,4
37.5,80.1,635,2
28.4,82.2,573,3
31.0,42.0,647,2
25.8,36.6,523,3
31.3,16.5,957,1
12.5,36.6,738,1
31.9,61.0,780,4
27.6,84.4,947,4
15.9,88.5,779,2
13.5,78.7,845,3
33.9,50.7,1157,2
34.9,26.4,1329,0
15.2,41.3,944,2
38.5,30.9,727,0
25.4,68.3,875,4
28.6,46.4,1553,2
18.5,24.2,572,1
20.4,92.7,1627,1
29.4,33.2,421,2
20.7,30.9,793,2
40.1,93.4,766,0
18.5,77.8,474,3
18.6,30.7,367,2
15.4,45.4,950,3
26.1,73.0,827,4
17.5,53.7,1640,2
39.2,72.4,749,2
17.2,20.6,584,1
17.2,18.1,1266,0
27.8,17.1,1106,2
30.2,28.1,699,1
14.3,20.2,1132,0
39.6,24.3,770,0
8.7,31.8,662,0
32.8,25.4,589,1
28.4,36.9,1107,2
30.1,49.2,682,3
17.9,34.3,704,2
41.6,91.5,2041,0
12.8,69.5,451,3
17.2,25.8,774,1
21.3,73.1,1188,4
33.0,29.1,1079,1
22.5,60.9,323,3
13.6,17.3,786,0
13.9,32.6,1199,0
41.5,83.0,557,0
26.2,20.2,1239,1
10.5,66.4,560,2
39.0,34.0,1143,0
18.3,37.3,771,3
21.4,30.6,511,2
40.2,37.4,696,0
41.5,63.3,626,1
24.4,52.8,362,3
34.6,18.3,473,0
31.8,40.5,465,2
20.3,70.6,1260,4
33.4,93.7,1562,0
17.7,35.5,1485,1
15.9,85.0,695,2
31.0,84.1,802,2
13.1,62.4,1431,2
29.7,93.0,786,2
32.3,70.4,1024,4
16.4,18.9,665,1
20.8,72.3,1495,3
18.4,24.2,728,2
10.2,91.9,969,1
36.9,66.5,1200,2
41.3,20.2,851,0
17.8,63.5,1280,3
20.0,61.3,964,4
18.1,89.1,1552,1
31.5,60.3,828,3
42.0,52.6,702,1
34.1,67.0,713,3
26.0,85.4,917,3
35.9,85.8,698,1
40.1,87.2,528,0
26.7,20.6,927,2
38.7,53.1,1162,1
20.8,40.5,556,3
12.0,70.2,690,2
24.9,60.1,452,4
21.7,34.8,509,3
8.4,44.1,479,1
23.7,79.2,373,4
24.8,54.9,1279,4
24.1,27.7,1269,2
11.8,30.3,868,0
22.8,64.5,649,4
40.8,65.3,1516,0
28.5,65.0,424,3
19.0,66.0,817,4
24.6,81.9,1068,4
24.0,16.2,791,1
15.8,68.2,781,3
19.8,31.3,1043,3
33.0,45.3,702,2
36.5,65.3,2171,0
21.7,74.1,710,4
34.7,76.8,632,2
33.7,52.8,683,2
41.6,38.6,1008,0
26.8,81.0,1042,4
39.4,39.3,1126,0
37.5,76.6,374,1
25.9,52.8,457,4
27.1,57.5,655,4
27.2,84.5,1547,2
28.6,63.0,1083,4
26.3,71.9,607,4
38.7,69.1,486,2
38.5,91.3,1514,0
38.1,72.1,356,1
23.7,82.6,840,4
18.3,38.5,610,2
9.6,66.3,558,2
34.3,15.7,957,0
19.0,31.5,1293,2
31.8,80.7,404,2
17.9,72.4,2438,0
34.5,55.4,404,3
33.8,17.3,914,0
31.2,58.3,634,4
20.6,89.1,1126,3
18.9,29.6,1402,1
11.4,67.6,864,3
17.0,46.9,1104,3
26.8,56.7,1222,3
32.8,28.8,1011,1
34.1,82.4,666,2
37.8,31.3,1468,0
24.3,86.2,1027,3
11.5,44.5,891,1
30.0,81.9,698,3
13.4,44.4,1246,1
31.8,89.3,774,2
12.7,75.3,1006,2
37.0,44.2,413,1
33.5,89.2,1794,0
11.1,88.2,381,1
17.9,70.5,897,4
18.6,75.8,1054,3
8.8,83.0,596,1
19.2,91.4,834,3
19.2,67.9,1112,3
38.9,86.2,1063,0
26.8,63.6,1403,3
37.4,69.7,415,2
40.7,52.4,1750,0
34.5,65.5,1861,1
26.2,61.7,1294,3
25.3,19.9,771,2
32.9,44.9,967,2
28.4,79.2,882,4
31.6,31.6,264,1
34.5,68.8,759,3
12.9,69.4,932,3
18.8,92.9,1200,2
41.8,42.5,1866,0
10.9,81.6,683,2
32.7,34.9,699,1
37.2,89.1,887,1
11.0,66.6,1682,1
13.0,38.8,394,1
30.1,71.2,1300,3
24.2,60.1,1975,2
30.5,23.9,1067,1
23.7,49.3,1104,4
18.0,94.6,1387,1
20.9,47.6,845,3
30.7,38.6,785,2
21.0,35.5,814,3
40.5,49.5,749,1
15.5,33.9,1884,0
22.4,70.2,976,4
29.1,44.7,1539,2
24.3,62.2,1033,4
18.6,73.1,1114,4
40.2,76.9,1455,0
35.4,22.1,1096,0
34.6,84.5,1469,1
16.8,93.1,802,2
29.1,47.9,799,3
12.8,92.5,660,1
41.0,93.0,1500,0
20.5,71.4,587,4
34.6,19.5,1373,0
13.6,34.5,1426,1
19.1,17.2,980,1
27.3,45.2,692,3
21.6,60.9,677,4
15.1,17.7,504,0
27.0,81.5,437,3
16.1,87.0,739,2
26.4,48.5,873,4
18.5,29.9,851,2
38.3,52.4,965,1
14.8,37.1,816,2
34.9,85.4,461,1
15.3,62.2,719,3
26.3,69.1,1251,4
10.6,32.2,566,0
27.2,46.9,1448,2
28.3,69.6,432,3
40.6,86.9,600,0
36.7,40.2,1195,0
15.6,50.6,1152,2
32.8,39.4,1173,1
23.4,44.1,735,3
28.2,37.7,1962,0
17.9,65.0,723,4
35.4,74.4,784,2
21.6,45.6,992,4
11.4,17.2,1198,0
20.5,66.6,1953,2
22.5,77.0,1001,4
31.7,45.1,1164,2
34.1,38.6,708,2
27.1,62.2,597,4
33.0,74.7,563,3
12.6,35.2,977,1
41.4,69.0,600,1
36.0,61.9,864,2
27.0,84.1,1198,3
24.4,85.0,734,3
15.1,63.7,446,3
22.7,43.1,960,3
12.5,41.9,581,1
30.2,82.3,555,3
23.0,29.4,1478,1
24.8,67.3,374,4
8.7,80.7,1670,0
33.7,30.1,2025,0
38.5,18.8,707,0
26.8,75.9,1261,3
41.7,43.7,336,0
22.8,52.5,828,4
12.8,15.3,1565,0
37.3,24.5,1255,0
17.1,61.8,329,3
29.2,23.9,809,2
41.1,20.5,774,0
41.8,86.2,571,0
11.5,38.3,800,1
20.1,84.3,1112,3
28.0,21.0,557,2
11.1,89.4,905,1
24.5,54.8,989,4
8.4,54.1,657,1
20.1,65.4,537,4
10.4,61.9,623,2
28.1,79.1,755,4
27.2,69.5,593,4
41.4,68.8,725,1
16.3,33.5,636,1
34.8,24.5,864,1
15.3,80.5,464,3
22.2,75.8,1405,3
38.1,30.3,721,0
16.0,86.8,1604,1
32.9,81.0,532,2
22.7,69.3,889,4
39.5,91.4,1319,0
30.2,20.2,554,1
23.6,68.1,1104,4
20.9,49.9,786,3
40.5,76.8,1031,1
12.0,92.2,1526,0
28.2,47.5,1231,3
14.8,40.6,330,1
17.3,60.8,1777,2
24.1,78.0,557,4
32.1,75.6,1152,3
29.8,76.3,800,3
13.5,56.9,1348,2
29.8,64.3,433,4
28.1,76.8,1016,4
34.3,38.3,1107,2
34.8,47.0,473,2
40.3,73.2,1350,0
39.4,52.0,1406,0
9.8,83.7,1396,0
25.1,27.2,905,2
20.9,58.9,729,4
19.1,64.4,845,4
21.3,79.2,541,4
41.8,42.5,1150,0
29.7,59.6,799,4
12.2,36.9,1142,1
15.0,78.1,1445,2
37.7,64.0,2302,0
10.4,94.5,618,1
35.2,25.2,1217,0
11.2,87.4,591,1
41.0,31.9,507,0
37.8,37.7,1344,0
26.3,63.2,732,4
17.2,73.4,327,3
34.4,51.3,513,3
26.1,73.1,473,4
19.4,57.9,435,4
34.3,25.8,764,0
11.2,57.5,633,3
15.5,56.9,847,3
36.9,35.3,255,0
9.6,81.4,854,1
23.7,62.6,683,4
24.7,55.5,835,4
34.9,36.9,1071,1
26.5,74.4,400,4
11.2,47.8,1588,0
11.8,85.6,1337,1
36.2,46.0,496,1
13.0,76.0,1096,2
31.4,81.3,906,3
17.0,49.8,859,3
36.3,18.4,866,0
27.0,21.5,1923,0
40.4,65.6,1362,1
23.1,59.5,504,4
21.2,69.7,1347,3
24.2,50.8,458,4
36.8,18.6,372,0
22.4,39.9,972,3
35.2,25.3,1869,0
25.2,52.3,619,4
15.4,72.9,1727,1
29.0,67.7,928,4
24.3,91.5,1034,3
8.8,43.4,1789,0
13.4,87.9,992,2
37.9,41.8,1240,0
25.2,45.4,521,4
23.1,55.9,766,4
13.8,34.9,1846,0
18.9,73.2,1529,2
16.7,48.5,2201,0
28.6,46.9,829,3
28.8,93.2,780,2
24.4,58.9,848,4
12.2,87.7,614,2
36.0,43.4,1410,1
12.4,55.4,686,2
39.2,69.0,572,2
32.0,81.0,1054,2
39.8,69.9,795,2
15.0,32.9,1391,1
16.0,74.9,597,3
12.2,37.0,779,1
12.5,50.6,955,2
30.3,67.8,1381,3
20.7,76.8,437,3
28.4,63.9,1243,4
13.9,45.6,566,2
10.1,70.2,547,2
29.7,66.3,427,4
40.8,18.2,1348,0
24.2,51.4,1726,2
22.3,64.2,1235,4
27.9,20.1,363,1
13.0,27.5,530,1
26.6,68.6,1242,3
10.2,15.6,1414,0
25.6,52.9,521,4
29.7,79.9,1038,3
8.9,32.3,570,0
26.6,23.9,649,2
39.0,55.2,1077,1
11.9,85.4,494,2
18.1,43.9,938,3
22.4,57.0,1161,4
26.4,72.6,354,4
30.7,60.5,742,4
41.2,59.6,1077,1
14.6,21.1,1610,0
28.3,62.6,467,4
22.0,49.1,710,4
36.8,88.7,526,1
10.3,63.8,1195,2
34.2,53.5,983,3
16.7,30.1,1044,1
22.4,61.6,361,4
19.5,51.2,1020,3
16.9,15.1,734,0
16.0,81.7,373,2
36.9,27.3,1046,0
24.7,78.5,911,4
16.3,22.3,657,1
31.6,39.1,1180,2
34.8,89.1,1443,0
27.4,55.3,736,4
19.4,68.1,846,4
12.2,32.9,1201,0
22.1,40.3,1105,3
26.0,32.6,306,1
32.7,90.3,537,2
40.5,80.8,701,1
24.4,78.7,854,4
32.5,83.3,1457,1
11.3,66.2,763,3
8.7,17.0,693,0
25.3,21.0,733,2
37.4,57.4,1104,2
21.4,31.9,897,3
40.9,68.2,875,1
26.6,44.6,1089,3
29.3,17.3,1105,1
30.5,54.4,794,3
22.2,79.4,575,4
35.3,81.5,735,2
38.2,91.9,1126,0
38.5,28.6,582,0
12.5,30.1,841,1
24.7,60.8,578,4
32.3,45.7,606,3
23.8,26.6,536,3
20.8,63.8,741,4
8.2,83.1,1081,1
26.8,24.1,438,1
10.3,44.3,826,1
21.1,26.5,953,2
37.2,64.6,1656,1
39.8,51.2,924,1
18.6,92.2,1009,2
27.9,66.4,863,4
9.2,53.8,837,1
40.5,53.3,1420,0
22.7,61.0,896,4
30.0,71.8,929,4
35.8,42.8,2072,0
33.7,89.3,830,2
26.8,67.2,565,4
22.9,38.1,1015,4
38.9,43.0,793,1
33.0,57.6,671,3
29.8,26.1,1494,1
25.1,58.5,769,4
33.3,90.0,820,2
28.4,40.3,861,3
21.9,39.5,1873,1
17.8,33.8,1807,0
23.0,33.9,1654,2
16.0,86.6,1033,2
9.5,81.0,250,1
16.4,50.0,1081,3
23.1,44.5,743,3
28.0,71.0,553,4
17.6,46.8,797,3
23.5,36.8,1295,3
17.2,93.4,1465,1
35.6,19.7,427,0
24.7,25.9,980,2
36.1,71.0,3324,0
36.2,65.4,584,2
24.1,39.5,1115,3
29.5,86.1,715,3
33.4,31.7,1474,0
33.0,33.2,731,1
21.1,82.1,1652,2
8.1,27.3,1342,0
18.2,26.2,805,2
41.8,67.4,812,1
22.8,60.7,610,4
17.3,71.8,603,3
11.8,88.3,1208,1
34.2,40.9,410,2
20.9,17.0,741,1
34.9,55.6,460,2
23.4,62.8,1059,4
31.8,93.5,749,2
30.8,64.8,506,4
13.1,66.6,1079,3
37.7,38.1,559,1
29.7,62.5,1849,2
17.2,25.0,829,1
23.8,67.3,971,4
20.6,75.8,765,4
27.3,52.0,898,3
35.6,92.6,534,1
8.1,65.6,826,2
16.2,36.5,1309,1
19.5,66.5,991,4
14.4,16.4,978,0
37.6,94.3,848,0
37.4,75.1,728,1
22.7,47.8,1431,2
34.4,19.4,854,1
26.3,40.5,1016,2
25.3,35.4,593,3
36.0,23.4,1026,0
15.2,36.4,252,1
41.9,36.9,1125,0
30.3,92.5,1264,2
12.3,69.3,453,2
12.2,52.2,1195,2
27.5,71.6,637,4
33.3,84.2,747,2
34.5,20.8,1777,0
41.9,45.3,659,1
29.4,72.4,443,4
41.0,46.1,2138,0
15.5,81.0,894,2
38.8,45.4,618,1
39.8,63.6,799,1
14.0,18.2,887,0
18.4,39.9,1117,3
41.3,50.1,1606,0
37.0,51.1,1341,1
16.8,80.4,1119,2
21.1,91.7,965,2
13.1,26.0,944,0
15.8,78.0,1344,2
10.6,34.0,627,0
22.6,57.4,858,4
31.5,59.1,971,3
17.8,94.8,947,2
9.5,36.2,1103,0
11.4,77.5,1138,2
35.1,79.1,1513,1
29.0,66.4,794,4
17.3,74.4,687,3
17.0,59.8,545,3
38.2,24.1,654,0
24.4,15.9,330,1
40.8,35.0,931,0
11.0,89.9,1102,1
38.6,49.7,940,1
17.5,24.2,972,2
15.0,59.1,995,3
23.5,94.2,1189,2
38.3,68.4,1541,1
24.8,46.4,756,4
37.3,69.1,1966,0
19.4,46.7,2537,0
30.7,83.3,440,3
23.3,43.2,584,3
13.3,15.7,888,0
17.0,39.2,913,2
16.8,82.0,550,3
36.7,63.2,1441,1
24.0,58.5,556,4
39.5,54.1,406,1
22.0,38.4,742,3
22.2,53.3,881,4
16.5,68.7,618,4
36.0,78.5,1211,2
21.9,84.6,616,4
27.1,76.2,1052,3
25.0,62.2,524,4
26.8,88.2,1453,2
11.6,37.5,1691,0
22.6,79.0,500,4
40.4,50.0,511,1
9.1,76.0,1249,1
34.7,56.6,1618,1
29.9,72.3,762,4
20.6,26.0,478,2
32.9,94.6,661,1
21.4,85.5,515,3
14.3,20.3,1176,0
28.8,91.3,1305,2
41.9,33.4,1225,0
41.6,78.8,726,1
22.9,77.5,545,4
23.8,17.5,799,2
17.7,28.0,898,1
28.8,66.3,1013,4
40.8,80.7,803,0
8.5,66.4,792,2
41.3,16.7,701,0
18.0,27.7,1460,0
25.7,60.8,905,4
28.8,83.3,644,3
21.5,65.0,1059,4
14.8,50.7,412,2
24.2,70.9,1026,4
9.2,36.1,683,0
37.7,70.2,1031,2
8.8,30.4,568,0
24.7,31.2,742,3
13.1,63.9,801,3
37.8,76.7,885,2
11.1,27.9,1439,0
25.4,71.6,420,4
38.8,32.8,635,0
25.4,36.7,687,3
10.3,24.2,796,0
25.3,80.5,1867,2
25.2,54.3,569,3
16.5,57.6,1245,3
13.7,72.2,804,2
35.3,64.5,794,3
33.9,34.5,1247,1
27.3,64.9,1055,4
39.5,62.7,600,2
23.0,51.9,485,4
18.0,78.1,749,3
27.5,83.6,1632,2
12.6,70.3,1179,2
34.8,42.3,1352,1
40.0,20.0,1354,0
16.5,39.7,977,2
13.7,90.9,408,1
31.9,22.9,462,1
18.9,65.8,967,4
19.2,61.7,775,4
41.7,31.4,587,0
26.4,66.0,957,4
27.7,30.9,1618,1
28.7,22.4,729,1
11.6,68.5,1013,2
38.0,26.6,640,0
23.0,75.0,427,4
32.7,40.4,435,2
38.8,62.2,845,2
29.0,81.2,877,3
32.1,85.3,844,3
32.5,38.1,721,2
27.7,73.6,636,3
32.2,19.4,735,1
35.5,68.9,490,3
25.0,76.7,910,4
21.3,27.2,654,2
40.4,78.6,847,1
10.8,50.1,837,2
8.1,75.4,915,1
25.2,53.2,901,4
38.1,89.9,869,0
26.3,46.7,1813,2
24.3,39.6,757,3
10.9,18.9,581,0
19.7,73.5,991,4
40.4,69.9,938,1
22.0,80.4,531,3
23.9,72.9,861,4
22.4,77.1,776,3
15.9,16.3,697,0
27.4,71.5,879,4
9.3,37.7,564,0
38.6,92.7,1137,0
25.2,65.6,578,4
26.9,42.2,836,3
9.1,85.2,1034,1
19.9,60.8,904,4
25.9,32.7,992,3
11.5,85.9,897,2
11.2,80.2,1312,1
17.2,16.4,1126,0
26.2,56.6,839,4
9.8,18.4,1252,0
33.7,80.5,998,2
29.4,65.2,746,4
9.8,49.8,2825,0
39.3,79.9,514,1
11.6,46.7,878,2
31.0,56.8,641,3
8.6,67.1,864,2
30.8,68.4,660,4
36.4,93.7,1280,0
27.3,75.1,1905,2
13.2,94.5,800,2
29.2,41.2,467,3
10.0,21.7,646,0
37.0,77.1,691,2
27.7,90.7,1057,3
27.1,58.8,1029,4
33.9,50.5,1357,2
40.0,23.0,1274,0
25.3,65.6,1606,3
29.2,42.6,1603,2
23.2,48.0,666,4
28.5,15.7,728,1
23.6,47.5,558,4
14.5,58.8,483,3
34.7,66.0,713,3
18.3,71.9,896,3
36.9,41.0,1372,0
12.2,83.3,656,2
30.9,35.0,515,2
29.1,18.8,1708,0
37.9,59.0,250,1
24.7,82.3,1050,4
38.5,20.1,1238,0
24.4,31.6,532,3
21.3,23.3,771,1
38.2,20.7,374,0
23.5,45.5,840,4
10.0,40.8,660,1
13.4,62.1,1313,2
15.4,73.4,1490,2
27.0,88.0,675,3
19.1,50.4,1304,2
29.3,39.5,707,3
8.9,55.6,679,1
22.1,41.6,1225,2
37.9,38.2,814,1
29.9,69.8,1644,2
16.6,41.7,814,2
37.2,42.6,557,1
25.4,65.2,895,4
25.4,58.4,870,4
9.7,87.8,1290,0
12.5,17.7,529,0
23.1,21.2,571,2
32.6,75.3,777,3
23.7,40.8,1782,1
24.2,28.5,1829,0
28.2,74.7,1032,3
36.5,79.3,646,2
26.5,61.6,753,4
13.7,41.6,617,1
33.2,44.6,1314,2
13.0,71.7,959,2
24.2,37.1,1075,3
26.9,68.0,1506,3
39.7,60.2,454,1
32.7,53.7,646,2
14.5,26.1,1499,0
37.3,48.1,737,1
22.5,67.8,952,4
20.3,27.2,537,2
24.5,21.8,492,2
16.0,68.6,849,3
14.1,44.7,1858,0
22.9,23.9,1013,2
23.0,69.4,1073,4
33.1,88.3,316,1
39.5,21.9,633,0
27.9,53.8,680,4
19.9,70.3,577,4
29.4,32.5,1137,1
15.8,33.3,1183,1
29.6,32.1,812,2
25.7,82.5,1122,3
12.9,87.9,643,2
15.6,49.6,564,3
25.3,58.3,1092,4
31.8,33.5,812,2
37.9,58.3,387,1
38.2,25.0,1017,0
25.7,69.0,607,4
15.8,92.8,1789,1
37.7,41.7,710,1
16.7,19.7,544,1
17.6,66.8,813,4
19.7,52.7,817,4
21.9,53.7,713,4
24.1,66.8,609,4
26.4,39.2,625,3
27.1,36.9,475,3
9.3,38.9,604,1
17.4,64.6,250,3
17.1,30.0,644,2
23.1,76.5,601,4
19.7,69.7,1009,4
38.7,47.6,968,1
40.8,40.9,1103,0
17.2,43.2,860,3
10.0,36.0,1374,0
9.7,72.1,1066,1
31.3,91.9,461,2
29.4,51.9,313,3
18.1,67.3,1041,4
17.2,80.0,1054,3
13.7,44.4,1216,1
21.9,86.3,341,3
16.1,68.5,1416,2
24.5,82.9,761,4
32.3,51.9,1687,1
19.7,65.9,1447,3
25.6,68.1,718,4
27.9,85.0,2175,0
19.5,67.2,1517,3
23.4,75.0,397,4
30.4,49.8,628,4
23.3,48.2,510,3
29.1,20.0,1184,1
26.5,23.0,761,2
20.4,68.8,1032,4
11.5,92.9,901,1
28.6,71.9,980,4
8.3,34.9,2229,0
25.6,94.2,943,2
34.3,54.6,1206,2
23.4,22.9,3092,0
8.0,25.1,942,0
36.6,30.5,905,0
18.5,59.4,967,4
10.1,19.6,608,0
26.6,43.6,666,3
22.5,62.4,836,4
25.0,56.8,652,4
38.5,25.7,511,0
29.8,16.9,434,1
14.8,59.9,1029,3
22.3,68.3,1156,4
38.6,23.4,567,0
41.3,54.6,1024,1
14.8,32.9,572,1
21.0,21.6,1028,2
40.4,34.5,918,0
18.1,41.6,3026,0
37.2,68.4,1358,1
30.3,89.7,1542,1
32.1,94.3,668,2
13.1,21.3,593,0
36.7,54.7,658,2
29.5,53.2,442,4
8.5,91.7,684,0
12.7,94.6,990,1
21.1,22.2,452,2
13.4,62.8,1275,2
26.4,77.2,1034,4
42.0,36.2,826,0
30.3,16.6,897,1
35.9,85.6,963,1
25.2,77.0,835,4
34.7,90.1,1645,0
19.9,50.5,765,4
24.5,50.2,873,4
22.0,55.0,1201,4
23.3,53.7,798,4
33.9,69.1,273,2
30.1,53.3,1098,3
31.9,56.6,1500,2
40.5,61.3,1594,0
39.3,36.3,1307,0
25.3,78.8,1012,4
26.1,91.4,953,3
8.8,41.8,1548,0
29.9,83.6,652,3
32.3,20.0,1083,1
24.1,53.0,667,4
32.3,67.7,871,4
39.7,78.1,979,1
39.6,87.2,1293,0
18.6,56.0,719,4
13.2,39.3,1106,1
12.3,52.1,644,2
22.0,55.5,298,3
26.8,57.3,1453,3
11.5,28.2,1262,0
29.3,58.1,752,3
33.6,37.4,1108,1
31.7,65.4,823,4
18.4,72.8,493,3
21.9,50.7,894,4
9.7,93.6,916,0
30.4,54.4,481,3
26.1,71.9,597,4
24.0,66.3,471,4
21.8,86.7,511,3
8.3,90.3,972,1
20.9,77.3,716,4
41.3,39.7,865,0
29.8,25.2,415,1
26.8,43.4,583,3
26.3,42.9,756,3
9.8,34.2,797,0
21.1,54.7,525,4
40.7,70.0,1081,1
35.9,94.3,433,0
17.4,45.6,1061,3
39.2,85.8,1094,1
18.4,94.9,332,2
20.4,16.1,710,1
33.0,19.2,1005,1
16.4,20.1,1658,0
8.0,59.0,507,2
33.4,15.4,915,0
37.0,56.1,554,2
19.6,66.7,595,4
17.4,18.9,411,1
38.7,87.1,1442,0
13.6,46.1,833,2
27.8,43.9,629,3
39.5,44.8,783,1
31.2,57.8,1469,2
36.3,25.2,1131,0
41.6,76.3,804,1
27.7,54.7,976,4
25.5,70.8,563,4
38.3,53.1,899,2
18.3,63.7,905,3
8.2,48.8,789,1
29.2,82.2,348,2
22.7,79.7,894,4
25.8,68.4,1025,4
25.7,64.6,413,4
25.7,32.8,653,3
39.0,93.6,521,0
27.6,91.3,710,3
40.0,79.8,825,1
15.4,74.1,834,3
14.8,22.2,840,1
30.5,36.6,710,2
21.2,81.4,757,3
32.0,80.8,2397,0
12.5,73.3,807,3
9.7,71.6,1681,1
27.2,92.7,287,2
23.9,76.7,935,4
22.7,18.6,556,1
33.1,33.4,1066,1
25.2,19.2,1725,0
8.7,72.7,918,2
25.0,75.8,642,4
36.1,24.1,988,0
14.1,62.1,718,3
35.0,67.4,1009,3
39.3,79.5,1104,1
26.7,43.2,1087,3
20.4,83.3,943,3
29.3,20.4,790,1
35.6,68.8,1236,2
25.8,19.5,832,2
25.0,69.3,844,4
21.5,17.7,1275,1
30.3,62.4,731,3
20.4,72.5,1726,2
33.0,32.5,936,2
27.8,57.6,1131,4
34.7,16.2,1436,0
38.5,29.8,554,0
24.4,61.8,528,4
24.6,28.8,588,2
18.5,87.8,956,3
12.3,20.1,1301,0
38.6,44.1,872,1
34.2,79.2,788,2
22.0,54.2,663,4
22.2,51.4,563,4
21.3,39.2,594,3
9.4,58.1,1458,1
22.7,88.8,862,3
13.6,44.5,1129,1
10.3,86.4,1152,1
26.2,16.1,1226,1
10.9,51.3,1206,2
33.8,93.0,577,2
27.5,75.1,892,4
38.7,92.5,742,0
25.1,77.7,925,4
14.8,22.3,1271,0
18.6,69.2,362,4
11.2,71.5,584,2
28.7,15.5,1378,0
17.5,22.6,1065,1
22.1,57.6,712,4
8.8,71.9,1071,1
37.7,81.1,1543,0
29.7,50.8,1680,2
34.8,45.9,250,1
25.4,54.9,716,4
18.5,30.1,436,2
36.8,19.9,855,0
14.1,21.9,1397,0
29.3,56.8,1362,3
30.8,38.4,354,2
39.0,79.3,922,1
30.9,30.3,1064,2
39.2,28.6,798,0
30.1,18.5,728,1
20.7,73.1,854,4
10.0,57.8,547,2
25.4,81.4,692,4
41.8,75.3,889,1
34.3,35.7,1032,1
8.3,39.8,1707,0
13.0,79.1,1345,1
37.0,74.7,486,2
35.8,36.4,1112,1
25.3,65.3,546,4
22.6,74.4,1185,4
31.3,76.0,1570,2
17.5,23.8,541,1
30.4,44.3,1098,3
19.7,53.9,1115,3
8.4,20.5,1259,0
28.6,53.5,638,4
22.4,69.5,547,4
25.4,51.8,747,4
41.4,35.5,895,0
15.1,55.1,2446,0
9.0,24.2,555,0
19.9,63.2,823,4
32.8,78.7,1041,3
21.0,59.8,1175,3
10.5,60.1,750,2
21.3,34.7,1077,3
9.5,41.5,1739,0
26.7,78.3,867,4
34.5,28.0,979,1
27.0,40.6,529,3
8.2,32.9,474,0
17.4,17.1,701,1
13.2,35.7,1144,1
37.4,94.5,856,0
20.3,54.7,612,4
27.0,81.8,582,3
15.9,71.2,453,4
25.8,68.9,401,4
35.5,29.3,1602,0
25.0,64.2,1408,4
20.6,82.6,947,4
21.5,44.3,1277,3
27.5,75.1,957,4
41.4,91.2,876,0
36.2,61.9,2599,0
17.7,22.4,1287,0
32.5,56.9,1299,2
14.6,25.5,1171,0
38.6,50.1,717,1
15.9,30.7,593,1
22.0,74.8,1009,4
27.3,44.9,896,3
30.1,88.6,1713,1
32.7,93.2,1507,0
24.9,68.1,970,4
25.4,82.5,1120,3
31.3,94.8,461,2
38.7,42.6,429,1
41.8,54.0,1116,1
24.6,40.3,666,3
37.4,87.4,2052,0
21.8,47.2,361,3
16.3,27.2,1899,0
22.3,31.3,721,2
25.5,56.0,1105,4
8.5,59.0,1264,1
24.2,68.0,639,4
34.0,22.6,1232,0
32.4,52.9,710,3
24.1,65.9,1053,4
19.8,64.4,616,4
22.5,77.9,687,4
24.4,67.7,648,4
29.0,71.0,570,4
35.1,67.2,437,3
25.2,48.6,1428,2
27.1,76.5,691,3
19.6,44.7,677,3
13.7,87.7,367,2
13.8,47.0,841,2
34.5,26.1,678,1
19.3,42.2,1184,2
33.5,86.5,990,2
21.5,25.6,1448,1
36.2,85.7,262,0
36.0,25.7,872,0
12.5,77.5,853,2
27.9,18.6,1405,1
24.7,85.7,1594,2
24.9,91.0,408,3
14.3,74.0,945,3
34.5,78.6,1438,1
22.9,85.5,774,3
28.7,48.4,871,3
31.1,74.0,465,3
26.2,49.7,1020,4
18.1,49.3,897,3
24.5,67.1,1865,2
9.5,22.1,1716,0
41.2,37.0,605,0
10.9,47.4,738,1
23.4,69.0,1558,3
30.4,88.8,590,2
27.7,54.0,910,3
36.7,33.3,706,1
12.7,49.0,1058,2
41.7,17.8,712,0
32.2,55.0,950,3
32.9,41.2,1319,1
40.0,90.8,943,0
12.5,64.2,763,3
33.0,28.4,1117,1
27.8,74.6,775,4
8.9,48.9,1144,1
40.0,85.0,700,0
31.4,18.8,582,1
10.6,41.9,512,1
37.8,74.8,384,2
15.4,16.7,761,0
25.5,62.4,798,4
16.2,71.2,553,3
41.7,82.9,835,0
11.5,69.5,679,2
36.2,61.7,1006,2
26.7,22.7,505,2
9.7,22.1,1256,0
41.0,70.2,514,1
29.7,33.9,915,2
37.0,81.4,3020,0
10.7,77.6,687,1
32.4,79.0,796,2
16.7,64.8,548,4
24.8,47.1,501,3
16.5,42.2,592,2
13.5,61.0,480,3
27.0,60.6,901,4
32.2,82.8,854,3
30.4,21.5,466,1
21.2,26.2,515,3
17.9,80.6,1236,2
8.3,35.1,864,0
19.4,27.2,732,2
14.1,59.8,1269,2
25.7,69.8,527,4
40.3,43.1,572,1
9.1,66.1,1193,1
13.6,16.7,1133,0
19.6,36.4,1907,0
27.8,75.3,998,4
26.1,87.1,1422,2
20.1,70.9,1205,3
15.7,28.5,882,1
18.0,35.8,532,2
28.4,72.1,716,4
27.9,52.8,694,4
37.1,33.5,614,1
36.1,92.1,537,0
31.0,29.3,739,1
14.4,77.5,895,2
22.6,91.1,1181,3
12.2,15.3,2655,0
30.1,61.7,973,3
40.8,22.6,1393,0
17.7,67.8,882,4
14.8,39.1,1458,1
28.7,51.8,575,3
25.3,76.7,1167,4
30.7,66.5,608,3
28.4,52.5,615,4
26.1,82.6,971,4
24.8,55.5,649,4
13.9,41.3,914,2
21.5,70.9,427,4
20.2,80.2,1216,3
32.3,18.4,531,1
30.2,18.2,1770,0
39.4,93.9,805,0
27.0,43.3,516,3
41.8,80.7,1356,0
32.9,67.2,902,3
41.9,64.2,2295,0
17.3,44.0,751,2
35.6,42.9,1755,0
39.8,61.5,1034,2
24.8,68.1,826,4
27.6,37.1,826,3
12.8,34.7,369,0
21.7,53.8,678,3
14.5,54.1,1102,2
22.0,74.6,1237,3
9.2,72.1,1170,1
9.6,79.9,581,2
28.7,15.0,762,1
22.0,49.9,1244,3
27.0,26.9,684,2
34.7,64.8,586,3
15.0,29.4,960,1
17.6,31.9,1685,0
32.4,25.7,1832,0
13.7,33.6,696,1
27.2,57.3,890,4
29.7,72.4,929,4
40.6,55.8,1297,1
33.3,77.3,426,2
24.7,62.6,840,4
15.5,22.1,875,1
32.8,93.6,1522,1
23.5,77.3,733,4
20.3,78.6,833,4
12.3,21.8,1032,0
11.7,37.8,919,1
13.8,78.5,755,2
24.3,47.6,1531,2
29.1,57.3,934,4
20.5,36.5,719,3
25.8,67.2,420,4
12.3,27.6,1811,0
10.8,37.2,606,0
13.7,22.4,483,0
25.3,68.1,449,4
18.0,80.4,1099,3
29.5,83.6,368,2
34.7,22.9,795,1
19.3,71.1,689,4
31.2,31.2,1396,1
18.9,71.9,995,3
13.6,20.9,670,0
26.0,34.9,508,2
26.4,83.2,823,4
16.3,73.9,727,3
26.1,93.0,459,3
39.4,94.3,1280,0
34.5,45.3,517,1
11.1,34.2,1694,0
35.5,74.8,1158,2
26.6,75.7,1316,3
31.0,66.6,627,3
22.8,89.0,1067,3
12.0,38.9,1293,1
21.2,52.6,984,3
34.3,85.7,1823,0
21.6,47.9,934,4
24.1,18.9,394,1
35.1,41.2,1822,0
37.1,39.4,1271,1
18.9,56.0,2353,0
41.0,72.8,474,1
27.1,77.6,717,3
33.2,15.7,1628,0
8.2,31.0,1552,0
11.6,61.5,1400,1
23.6,69.8,1235,3
40.5,22.5,570,0
22.9,26.6,1353,2
33.3,38.0,1061,1
25.5,81.9,631,3
42.0,83.1,608,1
19.8,27.3,699,2
22.8,84.1,944,4
9.6,22.5,1387,0
12.1,34.0,906,1
12.7,48.0,276,1
19.4,57.8,1052,4
39.9,51.0,930,1
19.8,60.9,338,4
23.1,50.4,1361,3
17.0,31.1,622,2
29.9,59.2,724,4
17.2,60.1,596,3
12.9,61.1,521,3
36.2,37.3,1368,0
26.2,17.1,1460,1
36.2,86.9,808,1
30.9,54.7,716,3
24.9,78.2,1041,4
37.1,90.4,814,0
22.6,59.3,703,4
9.1,62.3,1294,1
15.3,41.6,875,2
29.7,61.6,895,4
28.1,20.8,795,1
27.3,60.7,985,4
17.7,43.8,1325,2
39.8,17.9,796,0
27.4,18.0,786,1
32.2,24.2,682,1
31.3,79.1,574,2
12.4,25.7,943,0
27.0,92.1,1095,2
